Timestamp,Leeftijd,Achtergrond,GestemdePartij,GestemdePartijAnders,Ranking,Renaissance,Les Républicains,Les Écologistes,PS,PCF,Rassemblement National,Reconquête,LFI,C_partij,V0,V1,V2,V4,V5,V3,V6,V7,V8,V9,IdealCoalition,Feedback
23-4-2026 18:15:32,26-30,Doctorat,LFI,,LFI > PS > PCF > Les Écologistes > Renaissance > Les Républicains > Rassemblement National > Reconquête,-1,-4,2,1,1,-5,-5,4,Renaissance,A,A,B,B,B,A,A,A,A,B,"{""Renaissance"":34,""Les Écologistes"":33,""PS"":33}",
24-4-2026 19:02:06,40+,Doctorat,Renaissance,,Renaissance > Les Écologistes > PS > Rassemblement National > PCF > Les Républicains > Reconquête > LFI,-1,-4,1,2,1,-5,-5,-3,Renaissance,A,B,A,A,A,A,A,A,B,B,"{""PS"":30,""Renaissance"":20,""PCF"":20,""Les Écologistes"":30}",
25-4-2026 12:03:55,26-30,Doctorat,LFI,,LFI > Les Écologistes > PCF > PS > Renaissance > Les Républicains > Rassemblement National > Reconquête,-2,-4,2,0,1,-5,-5,4,Renaissance,A,A,B,B,B,A,A,A,A,B,"{""Les Écologistes"":39,""LFI"":68}",
25-4-2026 13:06:15,26-30,Master,Reconquête,,Les Républicains > Reconquête > Rassemblement National > Renaissance > PS > Les Écologistes > PCF > LFI,0,5,-4,-1,-4,1,3,-5,PS,A,A,B,A,A,A,A,A,B,A,"{""Les Républicains"":50,""Reconquête"":35,""Rassemblement National"":15}",
25-4-2026 13:25:35,26-30,Master,LR,,Les Républicains > Renaissance > Les Écologistes > PS > Rassemblement National > LFI > Reconquête > PCF,3,4,1,-1,-5,-4,-5,-4,PS,A,A,B,A,A,A,A,B,A,A,"{""Les Républicains"":100}",Je ne suis pas particulièrement favorable aux coalitions (cf modèle de l'Allemagne qui ne me semble pas attractif). En particulier entre les partis de droite en France où les visions ne me semblent pas du tout alignées
25-4-2026 18:12:54,26-30,Master,Reconquête,,Reconquête > Rassemblement National > Les Républicains > Renaissance > PS > PCF > LFI > Les Écologistes,-1,-1,-5,-3,-3,1,2,-4,Renaissance,A,A,A,B,A,A,A,A,B,A,"{""Les Républicains"":25,""Reconquête"":40,""Rassemblement National"":35}",
25-4-2026 19:27:14,26-30,Master,Renaissance,,Renaissance > Les Républicains > Les Écologistes > PS > PCF > Rassemblement National > Reconquête > LFI,2,0,0,-2,-4,-5,-5,-5,PS,A,A,A,A,A,A,A,A,A,A,"{""Renaissance"":86,""Les Républicains"":14}",
26-4-2026 21:20:54,26-30,Doctorat,Blanc,,LFI > PS > PCF > Les Écologistes > Renaissance > Les Républicains > Rassemblement National > Reconquête,-5,-3,-5,2,2,-5,-5,5,Les Républicains,A,A,A,B,B,A,A,A,A,A,"{""LFI"":70,""PS"":15,""Les Écologistes"":15}",
27-4-2026 13:40:01,26-30,Master,Divers gauche,,Les Écologistes > LFI > PS > Renaissance > PCF > Les Républicains > Reconquête > Rassemblement National,0,-2,5,2,1,-5,-5,5,Les Républicains,A,B,A,B,B,A,A,A,B,B,"{""LFI"":44,""PS"":24,""PCF"":13,""Les Écologistes"":19}",
28-4-2026 17:46:33,31-40,Doctorat,LFI,,LFI > PCF > Les Écologistes > PS > Renaissance > Rassemblement National > Reconquête > Les Républicains,-5,-5,0,-2,0,-5,-5,1,PS,A,A,A,A,A,A,A,A,A,B,"{""LFI"":100}",
28-4-2026 17:50:28,31-40,Master,Les Écologistes,,Les Écologistes > PCF > PS > LFI > Renaissance > Les Républicains > Reconquête > Rassemblement National,-1,-4,5,2,2,-5,-5,2,Renaissance,A,A,A,B,B,A,A,A,B,A,"{""Les Écologistes"":52,""PS"":18,""PCF"":20,""LFI"":10}",
28-4-2026 17:51:59,26-30,Master,LFI,,Les Écologistes > LFI > PCF > PS > Renaissance > Les Républicains > Rassemblement National > Reconquête,-3,-4,5,4,4,-5,-5,5,Renaissance,A,A,A,B,B,A,B,A,B,B,"{""Les Écologistes"":30,""PCF"":20,""LFI"":30,""PS"":20}",
28-4-2026 17:52:32,18-20,Licence,LFI,,LFI > PCF > Les Écologistes > PS > Renaissance > Les Républicains > Rassemblement National > Reconquête,-4,-5,1,-1,0,-5,-5,5,PS,A,A,A,B,B,A,A,A,A,A,"{""LFI"":75,""Les Écologistes"":20,""PS"":5}",
28-4-2026 17:53:45,26-30,Master,Divers gauche,,PS > Les Écologistes > PCF > LFI > Renaissance > Les Républicains > Rassemblement National > Reconquête,-5,-5,5,5,5,-5,-5,0,Renaissance,A,A,A,B,B,A,A,A,B,B,"{""PS"":34,""PCF"":33,""Les Écologistes"":33}",
28-4-2026 17:54:24,40+,BTS / DUT,LFI,,LFI > Les Écologistes > PCF > PS > Renaissance > Les Républicains > Reconquête > Rassemblement National,-5,-5,1,-3,1,-5,-5,5,PS,A,A,A,A,A,A,A,B,A,A,"{""LFI"":100}",
28-4-2026 17:54:54,21-25,Licence,LFI,,LFI > PCF > Les Écologistes > PS > Renaissance > Les Républicains > Rassemblement National > Reconquête,-3,-4,-1,-2,1,-4,-5,3,Les Écologistes,A,A,A,B,B,A,A,A,B,A,"{""LFI"":60,""PCF"":40}",
28-4-2026 17:54:57,21-25,Master,PS,,PS > Renaissance > PCF > Les Écologistes > LFI > Les Républicains > Rassemblement National > Reconquête,2,-3,0,5,2,-5,-5,-2,LFI,A,A,A,B,B,A,B,B,B,B,"{""PS"":50,""PCF"":25,""Renaissance"":25}",
28-4-2026 17:56:16,21-25,Licence,LFI,,LFI > PCF > Les Écologistes > PS > Renaissance > Les Républicains > Rassemblement National > Reconquête,-4,-5,2,1,3,-5,-5,3,Renaissance,A,B,A,B,B,A,A,A,B,B,"{""LFI"":40,""PCF"":25,""PS"":25,""Les Écologistes"":10}",
28-4-2026 17:59:28,40+,Master,LFI,,LFI > PCF > Les Écologistes > PS > Renaissance > Les Républicains > Rassemblement National > Reconquête,-5,-5,0,0,0,-5,-5,5,Renaissance,A,A,A,B,A,A,A,A,A,A,"{""LFI"":82,""PCF"":10,""Les Écologistes"":8}",
28-4-2026 17:59:37,21-25,Master,LFI,,LFI > PCF > Les Écologistes > PS > Renaissance > Les Républicains > Reconquête > Rassemblement National,-5,-5,-5,5,-5,-5,-5,5,Renaissance,A,A,B,B,B,A,B,A,A,B,"{""LFI"":100}",
28-4-2026 18:01:49,31-40,Licence,LFI,,LFI > Les Écologistes > PCF > PS > Renaissance > Les Républicains > Reconquête > Rassemblement National,-5,-5,5,2,2,-5,-5,5,Renaissance,A,A,B,B,B,A,A,B,A,B,"{""Les Écologistes"":20,""PCF"":15,""PS"":10,""LFI"":55}",
28-4-2026 18:03:58,26-30,Master,LFI,,LFI > Les Écologistes > PCF > PS > Renaissance > Rassemblement National > Les Républicains > Reconquête,-5,-5,1,-2,2,-5,-5,5,PS,A,A,B,A,A,A,A,B,A,A,"{""LFI"":90,""PCF"":5,""Les Écologistes"":5}",
28-4-2026 18:05:04,26-30,Licence,LFI,,LFI > PCF > Les Écologistes > PS > Renaissance > Les Républicains > Rassemblement National > Reconquête,-4,-4,2,0,2,-5,-5,5,Renaissance,A,A,A,B,B,A,A,A,A,B,"{""LFI"":50,""Les Écologistes"":25,""PCF"":25}",compliqué de devoir choisir entre macron et l'extrême droite quand je n'en veux aucun
28-4-2026 18:05:28,31-40,Doctorat,LFI,,LFI > Les Écologistes > PCF > PS > Renaissance > Les Républicains > Rassemblement National > Reconquête,-3,-4,2,1,2,-5,-5,3,Renaissance,A,B,A,B,B,A,A,A,A,B,"{""Les Écologistes"":30,""LFI"":40,""PCF"":10,""PS"":20}",
28-4-2026 18:06:40,26-30,Master,LFI,,LFI > Les Écologistes > PCF > PS > Renaissance > Les Républicains > Rassemblement National > Reconquête,-2,-4,1,1,1,-5,-5,5,Renaissance,A,A,A,B,B,A,A,A,A,A,"{""LFI"":85,""PCF"":5,""PS"":5,""Les Écologistes"":5}",
28-4-2026 18:07:38,21-25,Master,LFI,,LFI > PS > PCF > Les Écologistes > Renaissance > Les Républicains > Rassemblement National > Reconquête,-4,-5,4,4,4,-5,-5,4,Renaissance,A,B,A,B,B,A,A,A,B,B,"{""Les Écologistes"":14,""PS"":20,""PCF"":33,""LFI"":33}",
28-4-2026 18:07:40,21-25,Master,LFI,,LFI > PCF > Les Écologistes > PS > Renaissance > Rassemblement National > Les Républicains > Reconquête,-5,-5,0,-1,2,-5,-5,5,PS,A,A,A,B,A,A,A,A,A,A,"{""LFI"":76,""PCF"":12,""Les Écologistes"":12}",
28-4-2026 18:07:49,21-25,Master,Renaissance,,Renaissance > PS > Les Républicains > Les Écologistes > PCF > LFI > Rassemblement National > Reconquête,4,0,-1,3,-4,-5,-5,-4,Les Écologistes,A,A,B,B,B,A,A,B,A,A,"{""Renaissance"":70,""Les Républicains"":10,""PS"":20}",
28-4-2026 18:08:40,21-25,Master,LFI,,LFI > PCF > Les Écologistes > PS > Renaissance > Les Républicains > Rassemblement National > Reconquête,-5,-5,0,-1,-1,-5,-5,-1,PS,A,A,A,B,B,A,B,A,B,A,"{""PS"":25,""PCF"":25,""LFI"":25,""Les Écologistes"":25}",
28-4-2026 18:08:43,26-30,Master,Rassemblement National,,Les Républicains > Rassemblement National > Reconquête > Renaissance > PCF > PS > Les Écologistes > LFI,1,5,-4,-4,-4,5,1,-5,Les Écologistes,A,A,A,A,B,A,A,A,A,B,"{""Les Républicains"":70,""Rassemblement National"":30}",
28-4-2026 18:09:13,31-40,Master,LFI,,LFI > PCF > Les Écologistes > PS > Renaissance > Les Républicains > Rassemblement National > Reconquête,-3,-5,2,1,3,-5,-5,5,Renaissance,A,A,A,A,A,A,A,A,A,A,"{""LFI"":100}",
28-4-2026 18:11:14,31-40,Doctorat,Les Écologistes,,Les Écologistes > LFI > PS > PCF > Renaissance > Les Républicains > Rassemblement National > Reconquête,-4,-5,5,2,5,-5,-5,5,Renaissance,A,B,A,B,B,A,A,A,B,B,"{""Les Écologistes"":40,""LFI"":25,""PS"":15,""PCF"":20}",Certaines alliances proposées était trop improbables. 
28-4-2026 18:11:58,31-40,Doctorat,LFI,,LFI > PCF > Les Écologistes > PS > Renaissance > Les Républicains > Rassemblement National > Reconquête,-4,-4,2,-1,2,-5,-5,4,PS,A,A,A,B,B,A,A,A,A,A,"{""Les Écologistes"":20,""PCF"":20,""LFI"":60}",
28-4-2026 18:12:18,31-40,Master,PS,,PS > Les Écologistes > PCF > Renaissance > Les Républicains > LFI > Rassemblement National > Reconquête,0,-2,1,3,0,-5,-5,-4,Les Républicains,A,A,B,B,B,A,A,B,A,A,"{""PS"":70,""Les Écologistes"":30}",
28-4-2026 18:13:59,18-20,Licence,LFI,,LFI > Les Écologistes > PCF > PS > Renaissance > Les Républicains > Rassemblement National > Reconquête,-4,-5,4,2,3,-5,-5,5,Renaissance,A,A,A,B,B,A,A,B,A,A,"{""LFI"":50,""PCF"":10,""PS"":15,""Les Écologistes"":25}",
28-4-2026 18:14:10,31-40,BTS / DUT,LFI,,LFI > Les Écologistes > PCF > PS > Renaissance > Les Républicains > Reconquête > Rassemblement National,-5,-5,4,1,2,-5,-5,5,Renaissance,A,B,A,B,B,A,A,A,B,B,"{""LFI"":75,""Les Écologistes"":20,""PCF"":4,""PS"":1}",
28-4-2026 18:15:17,26-30,Master,PS,,PS > Les Écologistes > PCF > LFI > Renaissance > Les Républicains > Rassemblement National > Reconquête,-2,-5,3,5,3,-5,-5,2,Renaissance,A,B,A,B,B,A,A,A,B,B,"{""PS"":25,""LFI"":25,""PCF"":25,""Les Écologistes"":25}",
28-4-2026 18:15:49,31-40,Master,PS,,LFI > Les Écologistes > PCF > PS > Renaissance > Les Républicains > Rassemblement National > Reconquête,-3,-5,3,2,3,-5,-5,4,Renaissance,A,A,A,B,B,A,A,A,A,A,"{""PCF"":30,""PS"":18,""LFI"":34,""Les Écologistes"":18}",
28-4-2026 18:18:59,26-30,Master,Divers gauche,,PCF > LFI > PS > Renaissance > Les Écologistes > Les Républicains > Rassemblement National > Reconquête,-2,-3,0,1,3,-5,-5,3,Renaissance,A,B,A,B,B,A,A,A,B,B,"{""Les Écologistes"":10,""PS"":30,""PCF"":30,""LFI"":30}",
28-4-2026 18:20:11,21-25,Licence,Horizons,,PS > Renaissance > Les Écologistes > PCF > Les Républicains > LFI > Rassemblement National > Reconquête,5,1,4,5,1,-5,-5,-3,LFI,A,A,A,B,B,A,A,A,A,B,"{""PS"":60,""Les Écologistes"":20,""Renaissance"":20}",
28-4-2026 18:20:53,40+,Lycée,PCF,,PCF > LFI > Les Écologistes > PS > Renaissance > Les Républicains > Rassemblement National > Reconquête,-5,-5,5,2,5,-5,-5,3,Renaissance,A,B,A,B,B,A,A,A,A,B,"{""Les Écologistes"":34,""PCF"":33,""LFI"":33}",
28-4-2026 18:21:09,26-30,Master,Les Écologistes,,LFI > Les Écologistes > PS > PCF > Renaissance > Les Républicains > Rassemblement National > Reconquête,-3,-4,3,1,1,-5,-5,4,Renaissance,A,A,A,B,B,A,A,A,B,A,"{""Les Écologistes"":30,""PS"":15,""PCF"":10,""LFI"":45}","Je pense que mes choix reposent sur un rejet absolu des partis ayant soutenu des positions que je désapprouve totalement (racisme, homophobie, euroscepticisme, et surtout leur attitude face au génocide palestinien) tout en gardant une certaine retenue vis-à-vis des partis que j’apprécie davantage. Ne me reconnaissant pleinement dans aucun parti, je préfère l’idée d’une coalition de partis que j’estime, avec une prédominance (sans majorité absolue) de ceux auxquels je m’identifie le plus.

Concrètement, la droite me répugne totalement (de LR à Reconquête), et je rejette également Renaissance, me situant plutôt à gauche, notamment proche de LFI. Cependant, mes convictions libérales (moins d’intervention de l’État dans l’économie, un poids des retraites trop important dans la dépense publique) m’amènent à privilégier une coalition associant LFI à d’autres partis de gauche, voire du centre dans certains cas, afin de conjuguer des positions humanistes avec ce que je considère comme un certain réalisme économique.

Je suis très intéressé par vos travaux ; n’hésitez pas à me faire part de vos résultats ou de nouvelles enquêtes que vous mènerez !

neilaitaoudia@icloud.com"
28-4-2026 18:23:37,21-25,Master,LFI,,LFI > PCF > Les Écologistes > PS > Renaissance > Les Républicains > Rassemblement National > Reconquête,-5,-5,5,4,5,-5,-5,5,Renaissance,A,A,A,B,B,A,A,A,A,B,"{""LFI"":40,""PS"":15,""Les Écologistes"":20,""PCF"":25}",
28-4-2026 18:25:25,21-25,Master,LFI,,LFI > Les Écologistes > PCF > PS > Renaissance > Les Républicains > Rassemblement National > Reconquête,-3,-4,3,0,2,-5,-5,1,Renaissance,A,A,A,B,B,A,A,A,A,A,"{""LFI"":60,""Les Écologistes"":40}",
28-4-2026 18:27:31,40+,Doctorat,PS,,Les Écologistes > PS > PCF > Renaissance > LFI > Les Républicains > Rassemblement National > Reconquête,-1,-5,5,4,4,-5,-5,0,Renaissance,A,A,A,B,B,A,A,A,B,A,"{""Les Écologistes"":50,""PCF"":10,""PS"":40}",
28-4-2026 18:29:54,21-25,Licence,LFI,,LFI > Les Écologistes > PCF > PS > Renaissance > Les Républicains > Rassemblement National > Reconquête,-2,-4,4,1,4,-5,-5,5,Renaissance,A,A,A,B,B,A,B,A,B,B,"{""PCF"":15,""PS"":6,""Les Écologistes"":20,""LFI"":59}",
28-4-2026 18:30:10,21-25,Master,N'a pas voté,,Les Écologistes > PS > LFI > PCF > Renaissance > Les Républicains > Rassemblement National > Reconquête,-2,-4,5,3,2,-5,-5,3,Renaissance,A,A,B,B,B,B,A,A,B,B,"{""Les Écologistes"":25,""PS"":25,""LFI"":25,""PCF"":25}",
28-4-2026 18:30:51,40+,Master,PCF,,PCF > Les Écologistes > PS > Les Républicains > LFI > Rassemblement National > Renaissance > Reconquête,-4,1,2,2,4,-2,-5,-2,Rassemblement National,A,A,B,B,B,A,A,B,B,A,"{""Les Républicains"":25,""Les Écologistes"":25,""PCF"":50}",
28-4-2026 18:32:16,21-25,Master,LFI,,LFI > PCF > Les Écologistes > PS > Renaissance > Les Républicains > Rassemblement National > Reconquête,-4,-4,5,-2,5,-5,-5,5,PS,A,A,A,B,B,A,A,A,A,B,"{""LFI"":50,""Les Écologistes"":25,""PCF"":25}",
28-4-2026 18:32:19,26-30,Master,LFI,,LFI > PCF > Les Écologistes > PS > Renaissance > Les Républicains > Rassemblement National > Reconquête,-3,-4,0,-2,1,-5,-5,4,PS,A,A,A,B,B,A,A,B,A,A,"{""Les Écologistes"":10,""PCF"":30,""LFI"":60}",
28-4-2026 18:36:07,26-30,Master,LFI,,LFI > Les Écologistes > PCF > PS > Renaissance > Les Républicains > Reconquête > Rassemblement National,-5,-5,5,2,5,2,-5,5,Renaissance,A,A,A,B,B,A,A,A,B,B,"{""Les Écologistes"":24,""LFI"":52,""PCF"":24}",
28-4-2026 18:38:45,31-40,Licence,PS,,PS > Les Écologistes > LFI > PCF > Renaissance > Les Républicains > Rassemblement National > Reconquête,-3,-5,4,4,2,-5,-5,3,Renaissance,A,B,B,B,B,A,A,A,B,B,"{""Les Écologistes"":31,""PS"":31,""PCF"":24,""LFI"":14}",
28-4-2026 18:39:15,31-40,Master,PS,,PS > LFI > PCF > Les Écologistes > Renaissance > Les Républicains > Rassemblement National > Reconquête,-3,-5,1,4,2,-5,-5,4,Renaissance,A,A,A,B,B,A,A,A,A,B,"{""PS"":40,""PCF"":10,""LFI"":40,""Les Écologistes"":10}",
28-4-2026 18:39:39,26-30,Licence,LFI,,LFI > PCF > Les Écologistes > PS > Renaissance > Les Républicains > Rassemblement National > Reconquête,-2,-3,1,-1,4,-5,-5,5,PS,A,A,A,B,B,A,A,A,B,A,"{""LFI"":40,""PCF"":40,""Les Écologistes"":20}",
28-4-2026 18:43:12,26-30,Licence,LFI,,LFI > Les Écologistes > PCF > PS > Les Républicains > Renaissance > Reconquête > Rassemblement National,-5,-5,2,1,1,-5,-5,3,Renaissance,A,A,B,B,B,A,A,A,A,A,"{""LFI"":70,""PCF"":30}",
28-4-2026 18:43:54,21-25,Doctorat,LFI,,LFI > PCF > Les Écologistes > PS > Renaissance > Les Républicains > Rassemblement National > Reconquête,-5,-5,3,1,4,-5,-5,5,Renaissance,A,A,A,B,B,A,A,A,A,B,"{""LFI"":60,""PCF"":20,""Les Écologistes"":20}",Certaines propositions de coalitions sont tout simplement aberrantes. Du reste je ne suis pas convaincu de la pertinence même du questionnement qui ne portent que sur des coalition d'étiquettes et d'appareils et ne tiennent aucun compte de la ligne politique suivie. 
28-4-2026 18:45:39,26-30,Licence,LFI,,LFI > PCF > Les Écologistes > PS > Renaissance > Les Républicains > Rassemblement National > Reconquête,-3,-4,-1,-2,-1,-5,-5,3,Les Écologistes,A,A,A,B,B,A,A,B,A,A,"{""PCF"":15,""LFI"":70,""Les Écologistes"":15}",🐴 bon courage pour le projet
28-4-2026 18:45:49,31-40,Master,Renaissance,,Renaissance > PS > Les Républicains > Les Écologistes > PCF > Reconquête > Rassemblement National > LFI,1,0,-2,0,-3,-4,-4,-5,Les Écologistes,A,B,A,B,B,B,A,B,B,A,"{""PS"":50,""Renaissance"":50}",
28-4-2026 18:45:59,26-30,Doctorat,Les Écologistes,,Les Écologistes > PCF > LFI > PS > Renaissance > Les Républicains > Rassemblement National > Reconquête,-2,-4,5,3,4,-5,-5,2,Renaissance,A,A,B,B,B,A,A,A,A,A,"{""Les Écologistes"":60,""PS"":10,""PCF"":20,""LFI"":10}",
28-4-2026 18:46:54,31-40,Master,Renaissance,,Renaissance > PS > PCF > Les Écologistes > LFI > Les Républicains > Rassemblement National > Reconquête,3,-3,0,2,1,-5,-5,-2,LFI,A,A,B,B,B,A,A,A,B,A,"{""Renaissance"":66,""PS"":34}","Certaines propositions de coalitions fantaisistes (en tout cas en avril 2026) mais ""moindre mal"" peuvent fausser les résultats.

Beau questionnaire sinon ! :)"
28-4-2026 18:49:12,31-40,Doctorat,Les Écologistes,,Les Écologistes > PS > PCF > Renaissance > Les Républicains > LFI > Rassemblement National > Reconquête,-1,-2,5,5,1,-5,-5,-3,Renaissance,A,A,A,B,B,A,A,B,A,A,"{""Les Écologistes"":35,""PS"":35,""PCF"":15,""LFI"":10,""Renaissance"":5}","C'est difficile de savoir si on veut construire la coalition qui correspond à ce qu'on désire dans l'absolu, ou une coalition réaliste compte tenu des équilibres politiques actuels.
"
28-4-2026 18:49:15,31-40,BTS / DUT,LFI,,LFI > PCF > Les Écologistes > PS > Renaissance > Les Républicains > Rassemblement National > Reconquête,-2,-2,3,2,4,-5,-5,5,Renaissance,A,A,A,B,B,A,A,A,A,B,"{""LFI"":60,""PCF"":30,""Les Écologistes"":9,""PS"":1}",
28-4-2026 18:49:15,26-30,Licence,LFI,,PCF > PS > LFI > Les Écologistes > Rassemblement National > Les Républicains > Renaissance > Reconquête,-4,-2,2,3,4,1,-5,3,Les Républicains,A,B,A,A,A,A,B,A,B,B,"{""PS"":25,""PCF"":35,""LFI"":30,""Les Écologistes"":10}",
28-4-2026 18:51:44,40+,Master,LFI,,LFI > PCF > Les Écologistes > PS > Renaissance > Les Républicains > Rassemblement National > Reconquête,3,-5,4,-4,4,-5,-5,5,PS,A,A,A,B,B,A,A,A,A,A,"{""LFI"":58,""PCF"":32,""Les Écologistes"":10}",
28-4-2026 18:52:43,40+,BTS / DUT,LFI,,LFI > PCF > Les Écologistes > PS > Renaissance > Les Républicains > Rassemblement National > Reconquête,-5,-5,2,-5,3,-5,-5,5,Renaissance,A,A,B,A,A,A,A,B,A,A,"{""LFI"":70,""PCF"":20,""Les Écologistes"":10}",
28-4-2026 18:53:07,26-30,Master,PCF,,PCF > LFI > Les Écologistes > PS > Renaissance > Les Républicains > Rassemblement National > Reconquête,-5,-5,3,1,5,-5,-5,5,Renaissance,A,A,A,B,B,A,A,A,A,A,"{""PCF"":70,""LFI"":15,""Les Écologistes"":10,""PS"":5}",
28-4-2026 18:57:21,18-20,Licence,LFI,,LFI > PCF > Les Écologistes > PS > Renaissance > Les Républicains > Rassemblement National > Reconquête,-5,-5,-3,-4,-2,-5,-5,3,PCF,A,A,B,B,B,A,A,B,A,A,"{""LFI"":100}","Des questions comme : Question 4 : {LFI, Reconquête} ou {PS, Renaissance} n'ont que peu de sens, une alliance LFI-Renconquête semble parfaitement impossible et ma réponse à cette question est allée au hasard. (je ne semble pas être le seul par ailleurs : https://x.com/NathanGuedj_/status/2049162407117722074). Courage pour le mémoire :) !"
28-4-2026 18:57:38,40+,Master,LFI,,LFI > PCF > Les Écologistes > PS > Renaissance > Les Républicains > Rassemblement National > Reconquête,-4,-5,4,1,4,-5,-5,5,Renaissance,A,A,A,B,B,A,A,A,A,B,"{""LFI"":51,""PCF"":20,""Les Écologistes"":20,""PS"":9}",
28-4-2026 18:58:42,18-20,Lycée,PCF,,PCF > LFI > Les Écologistes > PS > Renaissance > Les Républicains > Rassemblement National > Reconquête,-4,-4,2,-1,5,-5,-5,3,PS,A,A,B,B,B,A,B,A,A,A,"{""PCF"":95,""LFI"":5}",
28-4-2026 18:59:47,21-25,Master,Les Écologistes,,Les Écologistes > PS > LFI > PCF > Renaissance > Les Républicains > Rassemblement National > Reconquête,-3,-4,5,5,5,-5,-5,4,Renaissance,A,B,A,B,B,A,A,A,B,B,"{""Les Écologistes"":25,""PS"":30,""PCF"":15,""LFI"":30}",
28-4-2026 19:09:46,40+,Master,LFI,,LFI > PCF > Les Écologistes > PS > Renaissance > Les Républicains > Rassemblement National > Reconquête,-4,-5,4,0,5,-5,-5,5,Renaissance,A,A,A,A,A,A,A,A,B,A,"{""LFI"":51,""PCF"":20,""Les Écologistes"":17,""PS"":12}",
28-4-2026 19:12:22,26-30,Master,LFI,,LFI > Les Écologistes > PCF > PS > Renaissance > Les Républicains > Rassemblement National > Reconquête,-5,-5,1,-3,1,-5,-5,5,PS,A,A,A,B,A,A,A,A,A,A,"{""LFI"":70,""PCF"":10,""Les Écologistes"":20}",
28-4-2026 19:12:56,26-30,Master,LFI,,LFI > PCF > Les Écologistes > PS > Renaissance > Les Républicains > Rassemblement National > Reconquête,-5,-5,3,-1,3,-5,-5,5,PS,A,A,B,B,B,A,A,A,A,A,"{""LFI"":51,""PCF"":20,""Les Écologistes"":20,""PS"":9}",
28-4-2026 19:13:02,31-40,Master,PS,,PS > Renaissance > PCF > LFI > Les Écologistes > Les Républicains > Reconquête > Rassemblement National,3,-1,-1,5,2,-3,-3,1,Les Républicains,A,A,A,A,A,A,B,B,B,B,"{""PS"":40,""Renaissance"":35,""LFI"":10,""Les Écologistes"":5,""PCF"":10}",
28-4-2026 19:13:56,40+,Master,Autre,"Il me semble que les dernières étaient les législatives, donc NFP. Sinon 2022 : LFI au 1er tour et Macron par défaut au second ",LFI > Les Écologistes > PCF > PS > Les Républicains > Renaissance > Reconquête > Rassemblement National,-5,-5,5,0,4,-5,-5,5,Renaissance,A,A,A,B,B,A,A,A,B,B,"{""PCF"":26,""LFI"":41,""Les Écologistes"":33}",
28-4-2026 19:15:02,21-25,Master,LFI,,LFI > PCF > Les Écologistes > PS > Renaissance > Les Républicains > Rassemblement National > Reconquête,-3,-4,1,1,5,-5,-5,5,Renaissance,A,A,A,B,B,A,A,A,A,B,"{""LFI"":50,""PCF"":25,""Les Écologistes"":25}",
28-4-2026 19:24:46,26-30,Doctorat,LFI,,LFI > Les Écologistes > PS > PCF > Renaissance > Les Républicains > Rassemblement National > Reconquête,-5,-5,4,4,4,-5,-5,5,Renaissance,A,A,A,B,B,A,A,A,A,B,"{""LFI"":50,""PCF"":15,""PS"":15,""Les Écologistes"":20}",
28-4-2026 19:26:35,40+,Lycée,LFI,,LFI > Les Écologistes > PCF > PS > Les Républicains > Renaissance > Rassemblement National > Reconquête,-5,-5,3,1,3,2,-5,4,Renaissance,A,A,A,B,B,B,A,A,B,B,"{""Les Écologistes"":31,""LFI"":30,""PCF"":30,""PS"":9}",
28-4-2026 19:29:50,26-30,Master,LFI,,LFI > Les Écologistes > PS > PCF > Renaissance > Les Républicains > Rassemblement National > Reconquête,-1,-3,4,1,2,-5,-5,5,Renaissance,A,A,B,B,B,A,A,B,B,A,"{""LFI"":40,""Les Écologistes"":30,""PS"":20,""PCF"":10}",
28-4-2026 19:30:06,40+,Master,Les Écologistes,,Les Écologistes > LFI > PCF > PS > Renaissance > Les Républicains > Rassemblement National > Reconquête,-5,-5,4,1,1,-5,-5,3,Renaissance,A,A,A,B,B,A,A,A,A,B,"{""LFI"":20,""Les Écologistes"":60,""PCF"":10,""PS"":10}",
28-4-2026 19:35:17,18-20,Licence,N'a pas voté,,LFI > PCF > Les Écologistes > PS > Les Républicains > Renaissance > Rassemblement National > Reconquête,-4,-3,1,-1,3,-5,-5,5,PS,A,A,A,B,B,A,A,B,A,A,"{""LFI"":75,""PCF"":15,""Les Écologistes"":10}",
28-4-2026 19:37:35,21-25,Doctorat,Renaissance,,Renaissance > PS > Les Républicains > Les Écologistes > PCF > LFI > Rassemblement National > Reconquête,2,1,1,2,0,-5,-5,-5,Rassemblement National,A,A,B,B,B,B,B,A,B,B,"{""Renaissance"":40,""PS"":40,""Les Écologistes"":10,""Les Républicains"":10}",
28-4-2026 19:40:34,26-30,Licence,N'a pas voté,,PS > Les Écologistes > LFI > PCF > Renaissance > Les Républicains > Rassemblement National > Reconquête,-1,-3,5,5,5,-5,-5,4,Renaissance,A,B,A,B,B,A,A,A,B,B,"{""PS"":36,""LFI"":28,""Les Écologistes"":34,""PCF"":2}",
28-4-2026 19:41:27,18-20,Lycée,N'a pas voté,,LFI > Les Écologistes > PCF > PS > Renaissance > Les Républicains > Rassemblement National > Reconquête,-3,-4,4,3,4,-5,-5,5,Renaissance,A,A,A,B,B,A,B,A,A,B,"{""PCF"":20,""Les Écologistes"":35,""LFI"":45}",Pourquoi avoir exclu l'extrême gauche ? Qui pourrait pourtant sans vote utile représenté un poids significatif ?
28-4-2026 19:42:11,40+,Master,LFI,,LFI > PCF > Les Écologistes > PS > Renaissance > Les Républicains > Rassemblement National > Reconquête,-5,-5,2,-5,3,-5,-5,5,Renaissance,A,A,B,A,A,A,A,A,A,A,"{""LFI"":85,""PCF"":15}",Mare de la droite et extreme droite fasciste et des traîtres PS et Verts
28-4-2026 19:42:38,21-25,Licence,Les Écologistes,,Les Écologistes > LFI > PCF > PS > Renaissance > Les Républicains > Rassemblement National > Reconquête,-1,-3,4,2,2,-5,-5,4,Renaissance,A,A,B,B,B,A,A,A,B,B,"{""Les Écologistes"":50,""LFI"":25,""PCF"":25}",
28-4-2026 19:46:02,31-40,Master,LFI,,LFI > PCF > PS > Rassemblement National > Les Écologistes > Reconquête > Les Républicains > Renaissance,-5,-4,-5,1,2,1,-4,3,Les Républicains,A,A,B,A,A,A,A,B,A,A,"{""LFI"":100}",
28-4-2026 19:46:28,21-25,BTS / DUT,PS,,PS > Les Écologistes > PCF > LFI > Renaissance > Les Républicains > Rassemblement National > Reconquête,-2,-4,5,5,4,-5,-5,3,Renaissance,A,B,A,B,B,A,A,A,B,B,"{""PS"":40,""PCF"":15,""LFI"":23,""Les Écologistes"":22}",
28-4-2026 19:47:52,18-20,Licence,LFI,,LFI > PCF > Les Écologistes > PS > Renaissance > Les Républicains > Rassemblement National > Reconquête,-5,-5,3,2,4,-5,-5,5,Renaissance,A,A,B,B,B,A,B,A,A,B,"{""LFI"":100}",
28-4-2026 19:48:01,21-25,Master,Divers droite,,Renaissance > PS > Les Républicains > PCF > Rassemblement National > Les Écologistes > LFI > Reconquête,5,1,-4,1,-1,-3,-5,-5,PCF,A,A,A,A,A,A,A,B,A,A,"{""Renaissance"":55,""Les Républicains"":5,""PS"":30,""PCF"":5,""Les Écologistes"":5}","Pour la partie sur les coalitions j'ai pas bien compris le but de certains choix. Certaines coalitions sont tellement absurdes / impensables (ma Q4 je crois de mémoire) que je n'ai pas de relation de pref stricte (ou meme de pref tout court), j'ai répondu car il n'y avait pas de case ""ne sais pas"". Je m'y connais pas encore assez en social choice mais l'axiome de complétude a été mis a rude épreuve :)

 j'ai essayé de répondre intuitivement notamment sur les coalitions précises (avec les %) j'ai pas trop cherché à refléchir si c'était cohérent avec mes notes initiales, probablement pas je suppose haha 
Bon courage pour la suite ! "
28-4-2026 19:48:04,21-25,Master,N'a pas voté,,Les Écologistes > PCF > PS > Renaissance > LFI > Les Républicains > Rassemblement National > Reconquête,-1,-5,5,3,5,-5,-5,-2,Renaissance,A,B,A,B,B,A,A,A,B,B,"{""Les Écologistes"":34,""PS"":33,""PCF"":33}",
28-4-2026 19:50:54,26-30,Master,LFI,,Les Écologistes > LFI > PS > PCF > Renaissance > Les Républicains > Rassemblement National > Reconquête,-3,-4,4,1,1,-5,-5,2,Renaissance,A,A,A,B,B,A,B,A,B,B,"{""Les Écologistes"":40,""PS"":15,""PCF"":10,""LFI"":35}",
28-4-2026 19:53:36,21-25,Master,LFI,,LFI > PCF > Les Écologistes > PS > Renaissance > Les Républicains > Rassemblement National > Reconquête,-5,-5,2,1,3,-5,-5,5,Renaissance,A,A,B,A,A,A,A,A,A,B,"{""LFI"":100}",
28-4-2026 19:58:54,21-25,Master,Renaissance,,Les Républicains > Renaissance > PS > Les Écologistes > PCF > Rassemblement National > Reconquête > LFI,5,5,-5,-5,-5,-5,-5,-5,Les Écologistes,A,A,B,B,A,B,A,A,B,A,"{""Renaissance"":50,""Les Républicains"":50}",
28-4-2026 20:00:45,26-30,Master,LFI,,LFI > PCF > Les Écologistes > PS > Les Républicains > Renaissance > Reconquête > Rassemblement National,-5,-5,3,1,4,-5,-5,5,Renaissance,A,A,A,B,B,A,A,A,A,A,"{""LFI"":70,""PCF"":12,""Les Écologistes"":13,""PS"":5}",Impossible de lier LFI ou le PCF aux Républicains mais choix obligatoire pour valider.
28-4-2026 20:00:54,40+,Master,LFI,,LFI > PCF > Les Écologistes > PS > Renaissance > Les Républicains > Rassemblement National > Reconquête,-5,-5,3,-2,3,-5,-5,5,PS,A,A,A,B,B,A,A,A,A,A,"{""PS"":15,""PCF"":25,""LFI"":60}",
28-4-2026 20:02:44,31-40,Licence,LFI,,Les Écologistes > LFI > PS > PCF > Renaissance > Les Républicains > Rassemblement National > Reconquête,0,-3,5,5,5,-5,-5,4,Les Républicains,A,B,A,B,B,A,A,A,A,B,"{""Les Écologistes"":50,""PS"":20,""PCF"":6,""LFI"":24}",
28-4-2026 20:05:03,21-25,Master,LFI,,LFI > PCF > Les Écologistes > PS > Les Républicains > Renaissance > Reconquête > Rassemblement National,-5,-5,1,1,5,-5,-5,5,Renaissance,A,A,B,B,B,B,A,B,B,A,"{""PCF"":40,""LFI"":40,""PS"":5,""Les Écologistes"":15}",
28-4-2026 20:06:06,40+,Licence,LFI,,Les Écologistes > PS > LFI > PCF > Renaissance > Les Républicains > Rassemblement National > Reconquête,-5,-5,5,2,1,-5,-5,5,Renaissance,A,A,A,B,B,A,A,A,A,A,"{""Les Écologistes"":50,""PS"":12,""PCF"":13,""LFI"":25}",De ce que je me rappelle aux dernières élections présidentielles j'avais voté LFI par message ou barrage. En général je vote ecolo et apparanté. 
28-4-2026 20:09:43,26-30,Master,Divers gauche,,LFI > Les Écologistes > PCF > PS > Renaissance > Rassemblement National > Les Républicains > Reconquête,-5,-5,5,-1,1,-5,-5,5,PS,A,A,A,B,B,A,A,A,B,B,"{""LFI"":40,""Les Écologistes"":40,""PCF"":20}",
28-4-2026 20:12:30,31-40,Master,LFI,,LFI > Les Écologistes > PCF > PS > Renaissance > Les Républicains > Rassemblement National > Reconquête,-1,-3,3,1,2,-5,-5,5,Renaissance,A,A,B,B,B,A,A,A,B,B,"{""PCF"":10,""Les Écologistes"":20,""LFI"":60,""PS"":10}",
28-4-2026 20:13:09,21-25,Doctorat,LFI,,LFI > PCF > Les Écologistes > PS > Renaissance > Les Républicains > Rassemblement National > Reconquête,-3,-4,1,-1,2,-5,-5,4,PS,A,A,A,B,B,A,A,A,A,B,"{""LFI"":60,""PCF"":30,""Les Écologistes"":10}",
28-4-2026 20:13:27,31-40,Master,LFI,,Les Écologistes > LFI > PS > PCF > Renaissance > Les Républicains > Rassemblement National > Reconquête,-4,-5,5,4,3,2,3,4,Renaissance,A,A,B,B,B,A,A,A,A,B,"{""Les Écologistes"":70,""PS"":10,""LFI"":15,""PCF"":5}","-Difficile d'avoir un avis et de choisir pour des coalitions qui n'ont aucun sens idéologiquement
-Le choix de coalition dépend de qu'est-ce qu'on prend en compte.
Juste les idées qu'on soutient plus ou on réfléchit aussi en terme de majorité potentielle ?
J'ai opté pour la coalition que je soutiens le plus sans considération pour le reste."
28-4-2026 20:15:54,26-30,Doctorat,LFI,,Les Écologistes > PS > LFI > PCF > Renaissance > Les Républicains > Rassemblement National > Reconquête,-2,-5,3,1,1,-5,-5,1,Renaissance,A,A,A,B,B,A,A,A,A,B,"{""Les Écologistes"":30,""PS"":25,""PCF"":20,""LFI"":25}",
28-4-2026 20:17:11,21-25,Master,LFI,,LFI > PCF > Les Écologistes > PS > Renaissance > Les Républicains > Rassemblement National > Reconquête,-5,-5,-1,-1,-1,-5,-5,3,Les Écologistes,A,A,A,B,B,A,A,A,A,A,"{""LFI"":70,""Reconquête"":0,""Rassemblement National"":0,""Les Républicains"":0,""Renaissance"":0,""PCF"":15,""PS"":5,""Les Écologistes"":10}",
28-4-2026 20:24:51,21-25,Licence,LFI,,LFI > PCF > Les Écologistes > PS > Les Républicains > Renaissance > Rassemblement National > Reconquête,-5,-5,3,0,3,-5,-5,5,Renaissance,A,A,A,B,B,A,A,A,A,B,"{""LFI"":70,""Les Écologistes"":20,""PCF"":10}",
28-4-2026 20:25:48,21-25,Licence,LFI,,LFI > Les Écologistes > PCF > PS > Renaissance > Les Républicains > Rassemblement National > Reconquête,-5,-5,2,-1,2,-5,-5,5,PS,A,A,A,B,B,A,A,A,A,A,"{""LFI"":100}",
28-4-2026 20:25:54,21-25,Licence,LFI,,LFI > Les Écologistes > PCF > PS > Renaissance > Les Républicains > Rassemblement National > Reconquête,-4,-4,4,0,2,-5,-5,5,Renaissance,A,A,A,B,B,A,A,A,A,B,"{""Les Écologistes"":25,""PCF"":25,""LFI"":50}","Merci pour cette étude.
Je me questionne sur certaines questions : je comprends le fait de choisir les distributions au sein d'une coalition, mais je suis surpris de ne pas voir abordé la notion de ""coalition majoritaire"" ou ""majorité relative"". Un dilemme type ""Coalition LFI ou Coalition LFI+Ecologiques"", par exemple, un électeur LFI n'aurait aucune réelle raison de prendre le second choix si le groupe ""LFI seul"" est majoritaire à l'assemblée, puisqu'il peut gouverner seul. Et même en cas de situations difficile, les écologistes sont toujours présents à l'assemblée, en ""soutien sans participation"". Le second choix serait donc étrange !
Néanmoins, j'imagine que les réponses peuvent surprendre et me donner tort. Je l'espère bien, haha !
Grand merci et bon courage."
28-4-2026 20:28:37,40+,Licence,Rassemblement National,,Reconquête > Rassemblement National > Les Républicains > PCF > PS > Renaissance > Les Écologistes > LFI,-5,4,-4,-4,-3,2,-3,-5,PCF,A,B,A,A,A,A,A,A,B,B,{},
28-4-2026 20:28:59,31-40,Master,Renaissance,,PCF > Renaissance > PS > Les Républicains > Les Écologistes > LFI > Rassemblement National > Reconquête,2,-3,-4,1,4,-5,-5,-5,Les Républicains,A,A,A,B,B,A,B,A,B,B,"{""Renaissance"":51,""PS"":25,""PCF"":25}",
28-4-2026 20:31:32,31-40,Master,LFI,,LFI > Les Écologistes > PCF > PS > Renaissance > Rassemblement National > Les Républicains > Reconquête,-4,-5,3,-1,3,-5,-5,3,PS,A,B,A,B,B,A,A,A,B,A,"{""LFI"":40,""Les Écologistes"":35,""PCF"":25}",
28-4-2026 20:32:36,26-30,Doctorat,LFI,,LFI > Les Écologistes > PCF > PS > Renaissance > Les Républicains > Rassemblement National > Reconquête,-5,-5,4,1,4,-5,-5,5,Renaissance,A,A,A,B,B,A,B,A,B,B,"{""Les Écologistes"":30,""PCF"":20,""LFI"":50}",
28-4-2026 20:33:24,31-40,Master,PS,,PS > PCF > Les Écologistes > LFI > Renaissance > Les Républicains > Rassemblement National > Reconquête,-5,-5,1,4,2,-5,-5,-3,LFI,A,B,A,B,B,A,A,A,A,A,"{""Les Écologistes"":30,""PS"":40,""PCF"":30}",
28-4-2026 20:34:54,21-25,Master,LFI,,LFI > PCF > Les Écologistes > PS > Renaissance > Les Républicains > Rassemblement National > Reconquête,-4,-5,3,1,4,-3,-5,5,Rassemblement National,A,A,B,B,B,A,A,A,A,B,"{""PCF"":30,""Les Écologistes"":10,""LFI"":60}",
28-4-2026 20:35:07,21-25,Master,Renaissance,,Renaissance > PS > Les Républicains > Les Écologistes > PCF > Rassemblement National > LFI > Reconquête,4,2,3,3,1,-4,-5,-5,Rassemblement National,A,A,B,B,B,A,A,A,B,B,"{""Renaissance"":55,""PS"":35,""Les Écologistes"":10}",
28-4-2026 20:37:47,26-30,Master,PS,,PS > Renaissance > Les Écologistes > PCF > Les Républicains > LFI > Reconquête > Rassemblement National,0,-2,1,3,-1,-5,-5,-5,PCF,A,A,A,B,B,A,A,A,A,A,"{""PS"":80,""Les Écologistes"":15,""PCF"":5}",
28-4-2026 20:38:02,21-25,Master,LFI,,Les Écologistes > PCF > PS > LFI > Renaissance > Les Républicains > Rassemblement National > Reconquête,-2,-4,5,3,4,-5,-5,2,Renaissance,A,B,A,B,B,A,A,A,A,B,"{""Les Écologistes"":35,""PS"":20,""PCF"":25,""LFI"":20}",
28-4-2026 20:41:29,26-30,Doctorat,PS,,Les Écologistes > PS > PCF > Renaissance > LFI > Les Républicains > Rassemblement National > Reconquête,-4,-4,1,1,-2,-5,-5,-3,PCF,A,B,A,B,B,A,A,B,B,B,"{""Les Écologistes"":30,""PS"":30,""PCF"":20,""LFI"":20}","Certaines coalitions proposées semblent totalement absurdes et peu plausibles.

Par ailleurs, il y a des variables cachées sous jacentes qui peuvent rendre une coalition plus attractive que des membres individuels :
chaque membre a des sujets sur lequel il est problématique, mais une coalition peut rééquilibrer cela.

(EELV sur le Nucléaire, ou LFI sur la géopolitique)"
28-4-2026 20:43:27,26-30,Master,Renaissance,,Renaissance > Les Républicains > PS > Les Écologistes > PCF > LFI > Rassemblement National > Reconquête,5,1,-4,-1,-4,-5,-5,-5,PS,A,A,A,A,A,A,A,A,A,A,"{""Renaissance"":100}",
28-4-2026 20:46:32,21-25,Licence,Les Écologistes,,Les Écologistes > LFI > PCF > PS > Renaissance > Les Républicains > Rassemblement National > Reconquête,-1,-3,5,4,4,-5,-5,4,Renaissance,A,A,A,B,B,A,A,A,A,A,"{""Les Écologistes"":66,""PS"":10,""PCF"":10,""LFI"":14}",
28-4-2026 20:47:06,26-30,Master,Divers gauche,,PS > Les Écologistes > PCF > Renaissance > LFI > Les Républicains > Rassemblement National > Reconquête,0,-2,4,4,3,-5,-3,-1,LFI,A,A,A,B,B,A,A,A,B,A,"{""Les Écologistes"":32,""PS"":32,""PCF"":22,""LFI"":14}",
28-4-2026 20:49:09,31-40,Master,LFI,,LFI > PCF > Les Écologistes > PS > Renaissance > Les Républicains > Reconquête > Rassemblement National,-2,-4,2,-1,2,-5,-5,4,PS,A,A,A,B,B,A,A,A,A,A,"{""LFI"":50,""PCF"":20,""Les Écologistes"":30}",
28-4-2026 20:50:17,40+,Master,LFI,,LFI > PCF > Les Écologistes > PS > Renaissance > Les Républicains > Rassemblement National > Reconquête,-5,-5,-3,-5,-1,-5,-5,3,PCF,A,A,A,A,A,A,A,A,A,A,"{""LFI"":100}","Les coalitions n'ont aucun sens.
Certaines sont impossibles.
Donc les réponses n'ont aucun intérêt statistique.
J'ai choisi LFI-Rec plutôt que PS+Renaissance parce que la première étant impossible -> status quo (aucun consensus ne peut en sortir) et la seconde est néfaste -> négative.
Donc je préfère que rien ne bouge que ça bouge dans le mauvais sens... mais c'est juste un raisonnement par l'absurde qui n'a aucune valeur...
Tout comme la dernière question ou l'on peut fait une coalition d'un seul parti.... J'ai pas regardé la définition dans le dico mais je suis à peu près sûr qu'il faut au moins 2 partis pour faire une coalition..."
28-4-2026 20:50:38,40+,Lycée,LFI,,LFI > Les Écologistes > PS > PCF > Renaissance > Les Républicains > Rassemblement National > Reconquête,-5,-5,5,5,5,-5,-5,5,Renaissance,A,B,A,B,B,A,A,A,B,B,"{""Les Écologistes"":30,""PS"":20,""PCF"":15,""LFI"":35}",
28-4-2026 20:54:15,31-40,BTS / DUT,N'a pas voté,,LFI > PCF > Les Écologistes > PS > Renaissance > Les Républicains > Reconquête > Rassemblement National,-5,-5,0,-5,0,-5,-5,5,Renaissance,A,A,A,A,A,A,A,B,A,A,"{""LFI"":100}",
28-4-2026 20:58:57,26-30,Doctorat,LFI,,PS > Les Écologistes > PCF > LFI > Renaissance > Les Républicains > Rassemblement National > Reconquête,-5,-5,3,5,3,-5,2,0,Renaissance,A,A,A,B,B,A,A,A,A,B,"{""Les Écologistes"":20,""PS"":60,""PCF"":20}",
28-4-2026 21:06:17,21-25,Master,LFI,,LFI > PCF > Les Écologistes > PS > Les Républicains > Renaissance > Rassemblement National > Reconquête,-5,-5,1,-4,1,-5,-5,5,PS,A,A,A,A,A,A,A,B,A,A,"{""LFI"":80,""PCF"":10,""Les Écologistes"":10}",
28-4-2026 21:15:38,26-30,Licence,PS,,PS > PCF > Les Écologistes > LFI > Renaissance > Les Républicains > Rassemblement National > Reconquête,-2,-3,1,5,4,-5,-5,1,Renaissance,A,A,A,B,B,A,A,A,B,B,"{""Les Écologistes"":25,""PS"":50,""PCF"":25}",
28-4-2026 21:15:59,31-40,Doctorat,LFI,,LFI > Les Écologistes > PCF > PS > Renaissance > Les Républicains > Rassemblement National > Reconquête,-3,-3,5,2,4,-5,-5,5,Renaissance,A,B,A,B,B,A,A,A,B,B,"{""Les Écologistes"":30,""LFI"":30,""PCF"":20,""PS"":20}",
28-4-2026 21:16:56,40+,BTS / DUT,LFI,,LFI > Les Écologistes > PS > PCF > Renaissance > Les Républicains > Rassemblement National > Reconquête,-4,-5,4,3,3,-5,-5,4,Renaissance,A,B,A,B,B,A,A,A,B,B,"{""PS"":30,""Les Écologistes"":35,""PCF"":10,""LFI"":25}",
28-4-2026 21:20:14,26-30,Master,LFI,,LFI > PCF > Les Écologistes > PS > Renaissance > Les Républicains > Rassemblement National > Reconquête,-1,-4,5,5,5,-5,-5,5,Renaissance,A,B,A,B,B,A,A,A,B,B,"{""LFI"":25,""PCF"":25,""PS"":25,""Les Écologistes"":25}",
28-4-2026 21:22:51,31-40,Doctorat,Divers gauche,,Les Écologistes > PS > Reconquête > Les Républicains > Renaissance > LFI > PCF > Rassemblement National,-5,-5,-3,-3,-5,-5,-5,-5,Les Écologistes,A,A,B,A,A,B,B,B,B,A,"{""PS"":50,""Les Écologistes"":50}","Ce sondage me fait réaliser à quel point je me désintéresse des partis, je ne sais même pas ce que font les Renaissance et Reconquête. Tout ce qui est à droite penche trop à l’extrême droite, les ecolos sont trop utopistes, et la gauche n’existe pas, mais c’est toujours mieux que rien, parce que l’extrême gauche ne vaut pas mieux… quel enfer"
28-4-2026 21:25:23,21-25,Master,Horizons,,Renaissance > Les Républicains > PS > Les Écologistes > PCF > Rassemblement National > Reconquête > LFI,5,5,1,3,1,-5,-5,-5,Rassemblement National,A,B,A,B,B,B,B,A,B,B,"{""Renaissance"":20,""Les Républicains"":30,""PS"":30,""PCF"":10,""Les Écologistes"":10}",
28-4-2026 21:28:59,26-30,Master,Les Écologistes,,Les Écologistes > PCF > LFI > PS > Renaissance > Rassemblement National > Les Républicains > Reconquête,-4,-5,5,-1,4,-5,-5,4,PS,A,A,A,B,B,A,A,A,B,B,"{""Les Écologistes"":35,""PCF"":30,""LFI"":35}",
28-4-2026 21:39:15,40+,Doctorat,PS,,Les Écologistes > PS > PCF > LFI > Renaissance > Les Républicains > Rassemblement National > Reconquête,-3,-4,5,4,1,-5,-5,0,Renaissance,A,B,A,B,B,A,A,B,A,A,"{""Les Écologistes"":28,""PS"":28,""PCF"":22,""LFI"":22}",Me suis bien amusé ! Encore !
28-4-2026 21:43:13,18-20,Licence,PS,,PS > LFI > Les Écologistes > Renaissance > PCF > Les Républicains > Rassemblement National > Reconquête,-2,-3,-1,4,-2,-5,-5,2,Les Écologistes,A,A,A,B,B,A,A,A,A,A,"{""PS"":50,""LFI"":20,""Renaissance"":25,""Les Écologistes"":5}",
28-4-2026 21:53:57,40+,Master,PS,,LFI > Les Écologistes > PCF > PS > Renaissance > Les Républicains > Rassemblement National > Reconquête,-5,-5,5,3,3,-5,-5,4,Renaissance,A,B,A,A,A,B,A,A,B,B,"{""Les Écologistes"":28,""PS"":18,""LFI"":29,""PCF"":25}",
28-4-2026 21:56:09,21-25,Master,Divers droite,,PS > Renaissance > Les Écologistes > PCF > LFI > Les Républicains > Rassemblement National > Reconquête,3,-3,1,3,1,-5,-5,-2,LFI,A,A,A,B,B,A,B,A,A,B,"{""PS"":31,""Renaissance"":25,""Les Écologistes"":44}",Modem et horizons absent 
28-4-2026 21:56:31,40+,Master,Les Écologistes,,Les Écologistes > PS > LFI > PCF > Renaissance > Les Républicains > Rassemblement National > Reconquête,-1,-5,5,4,3,-5,-5,2,Renaissance,A,A,B,B,B,A,A,A,A,A,"{""Les Écologistes"":40,""PS"":25,""PCF"":15,""LFI"":20}",
28-4-2026 22:09:39,26-30,Master,PS,,LFI > PCF > Les Écologistes > PS > Renaissance > Les Républicains > Rassemblement National > Reconquête,-3,-3,3,2,4,-5,-5,4,Renaissance,A,B,A,B,A,A,A,A,B,A,"{""Les Écologistes"":24,""PS"":15,""PCF"":28,""LFI"":33}","Certaines questions n'ont pas de sens politique, par exemple alliance LFI-Renaissance 70/30 vs PCF-Écolo 50/50 : une coalition LFI-Renaissance est impossible donc je ne sais pas répondre face à une coalition réaliste.

Aussi, la question sur la manière dont j'ai voté aux dernières élections nationales ne tient pas compte du fait que tous les partis ne se sont pas présentés, typiquement à gauche avec le NFP."
28-4-2026 22:11:16,31-40,Master,Les Écologistes,,Les Écologistes > LFI > PCF > PS > Renaissance > Les Républicains > Reconquête > Rassemblement National,-4,-5,5,1,2,-5,-5,3,Renaissance,A,A,A,B,B,A,A,A,B,B,"{""Les Écologistes"":50,""PCF"":15,""LFI"":30,""PS"":5}",
28-4-2026 22:11:18,40+,BTS / DUT,LFI,,Les Écologistes > LFI > PS > PCF > Renaissance > Les Républicains > Rassemblement National > Reconquête,-5,-5,5,1,1,-5,-5,3,Renaissance,A,A,A,B,B,A,B,A,A,B,"{""Les Écologistes"":80,""PS"":5,""LFI"":10,""PCF"":5}",
28-4-2026 22:11:42,31-40,Licence,LFI,,LFI > PCF > Les Écologistes > PS > Renaissance > Les Républicains > Rassemblement National > Reconquête,-5,-5,3,1,2,-5,-5,4,Renaissance,A,A,A,B,B,A,A,A,A,B,"{""PCF"":25,""LFI"":51,""Les Écologistes"":24}",L'enfer de voir la composition lfi renaissance ou je sais plus quoi xD
28-4-2026 22:13:14,18-20,Lycée,PS,,Les Écologistes > PS > PCF > LFI > Renaissance > Les Républicains > Rassemblement National > Reconquête,0,-4,4,5,5,-5,-5,3,Les Républicains,A,A,A,B,B,A,A,A,B,B,"{""Les Écologistes"":30,""PS"":30,""PCF"":30,""LFI"":10}",
28-4-2026 22:13:33,31-40,Lycée,Renaissance,,Renaissance > PS > Les Républicains > PCF > Les Écologistes > Rassemblement National > LFI > Reconquête,5,2,-3,2,-1,-5,-5,-5,PCF,A,A,B,B,B,A,A,A,A,B,"{""Renaissance"":80,""PS"":20}",
28-4-2026 22:15:13,21-25,Licence,PS,,PS > Les Écologistes > PCF > LFI > Renaissance > Les Républicains > Rassemblement National > Reconquête,-2,-3,5,5,5,-5,-5,-1,LFI,A,A,A,B,B,A,A,A,A,A,"{""Les Écologistes"":30,""PS"":50,""PCF"":20}","J’ai trouvé les questions et le sujet très très intéressant !! 
Les questions sur les coalitions PS/reconquetes m’ont vraiment surprise -plutôt dans un mauvais sens- mais je suis sûr qu’elles ont un intérêt dans votre travail ! bon courage ! "
28-4-2026 22:15:37,21-25,Licence,LFI,,LFI > Les Écologistes > PCF > PS > Renaissance > Les Républicains > Rassemblement National > Reconquête,-4,-5,3,-2,1,-5,-5,4,PS,A,B,A,A,A,A,A,A,B,B,"{""LFI"":50,""Les Écologistes"":34,""PCF"":15,""PS"":1}",
28-4-2026 22:16:43,26-30,Master,LFI,,LFI > PCF > Les Écologistes > PS > Renaissance > Les Républicains > Rassemblement National > Reconquête,-4,-5,1,-2,3,-5,-5,5,PS,A,A,B,A,A,A,A,A,A,A,"{""PCF"":25,""Les Écologistes"":10,""LFI"":65}",
28-4-2026 22:17:06,40+,Master,LFI,,LFI > PCF > Les Écologistes > PS > Renaissance > Les Républicains > Rassemblement National > Reconquête,-5,-5,2,0,3,-5,-5,5,Renaissance,A,A,B,B,B,A,A,A,A,B,"{""LFI"":80,""PCF"":10,""Les Écologistes"":10}",Certaines coalitions proposées sont impossibles... 
28-4-2026 22:17:31,31-40,Licence,LFI,,LFI > PCF > Les Écologistes > PS > Renaissance > Les Républicains > Rassemblement National > Reconquête,-4,-3,1,-2,4,-5,-5,5,PS,A,A,A,A,B,A,A,A,A,B,"{""Les Écologistes"":15,""LFI"":65,""PCF"":20}","Juste un commentaire pour la hiérarchisation des ""topics"" de la première question, pour éviter toutes ambiguïtés (et donc que le sujet est bien conscience de la hiérarchisation), rajouter à l'énoncé de la première question une spécification précise du ""métrique évalué""/""les qualités de l'ordre"" (ex: 1ère position = item le plus préféré)
-> Cela permet de bien spécifier à l'individu/sujet de l'importance de son choix (surtout quand le présupposé de cette question peut/va influer+influencer les autres questions/topics chez le sujet).

Bon courage !"
28-4-2026 22:17:52,26-30,Master,LFI,,LFI > Les Écologistes > PS > PCF > Renaissance > Les Républicains > Rassemblement National > Reconquête,-4,-5,3,2,3,-5,4,5,Renaissance,A,A,B,B,B,A,A,A,A,A,"{""LFI"":100}",
28-4-2026 22:18:23,26-30,Licence,LFI,,LFI > Les Écologistes > PCF > PS > Renaissance > Les Républicains > Rassemblement National > Reconquête,-4,-5,3,1,2,-5,-5,5,Renaissance,A,A,A,B,B,A,A,A,A,B,"{""PCF"":34,""LFI"":33,""Les Écologistes"":33}",
28-4-2026 22:20:51,26-30,Master,PS,,PS > Les Écologistes > PCF > Renaissance > Les Républicains > Rassemblement National > LFI > Reconquête,1,-1,1,5,2,-5,-5,-3,Les Républicains,A,A,A,B,B,A,A,A,A,A,"{""PS"":70,""Les Écologistes"":20,""PCF"":10}",
28-4-2026 22:22:06,21-25,Master,LFI,,Les Écologistes > PS > LFI > PCF > Renaissance > Les Républicains > Rassemblement National > Reconquête,0,-3,5,5,3,-5,-5,1,Les Républicains,A,A,B,B,B,B,B,A,B,B,"{""PS"":40,""Les Écologistes"":25,""PCF"":9,""LFI"":30}",
28-4-2026 22:22:25,21-25,Licence,LFI,,LFI > PCF > Les Écologistes > PS > Renaissance > Les Républicains > Rassemblement National > Reconquête,-4,-5,2,-2,3,-5,-5,5,PS,A,A,A,B,B,A,A,A,A,A,"{""LFI"":40,""PCF"":30,""Les Écologistes"":30}",
28-4-2026 22:23:43,40+,Doctorat,LFI,,Les Écologistes > PCF > PS > LFI > Renaissance > Les Républicains > Rassemblement National > Reconquête,-2,-3,-3,-4,5,-5,-5,5,Renaissance,A,B,A,B,B,A,A,A,B,B,"{""Les Écologistes"":40,""PS"":20,""PCF"":30,""LFI"":10}",
28-4-2026 22:24:43,21-25,Licence,LFI,,LFI > Les Écologistes > PCF > PS > Renaissance > Les Républicains > Rassemblement National > Reconquête,-5,-5,3,2,3,-5,-5,5,Renaissance,A,A,A,B,B,A,A,A,A,B,"{""LFI"":70,""PCF"":15,""Les Écologistes"":15}",
28-4-2026 22:26:00,26-30,Master,LFI,,LFI > Les Écologistes > PCF > PS > Renaissance > Les Républicains > Rassemblement National > Reconquête,-3,-4,5,2,2,-5,-5,4,Renaissance,A,B,A,B,B,A,A,A,B,B,"{""Les Écologistes"":35,""PS"":10,""PCF"":20,""LFI"":35}",
28-4-2026 22:26:23,26-30,Licence,LFI,,LFI > Les Écologistes > PCF > PS > Renaissance > Les Républicains > Rassemblement National > Reconquête,-5,-5,3,1,2,-5,-5,5,Renaissance,A,A,A,B,B,A,A,A,A,A,"{""LFI"":60,""PCF"":20,""Les Écologistes"":20}",Aucune coalition de gauche avec le PS en tout cas 
28-4-2026 22:27:16,26-30,Master,LFI,,LFI > PCF > Les Écologistes > PS > Les Républicains > Renaissance > Rassemblement National > Reconquête,-3,-3,2,0,4,-5,-5,5,Renaissance,A,A,B,B,B,A,A,A,A,B,"{""LFI"":60,""PCF"":40}",
28-4-2026 22:29:23,40+,BTS / DUT,LFI,,LFI > Les Écologistes > PCF > PS > Renaissance > Les Républicains > Reconquête > Rassemblement National,-5,-5,2,-3,2,-5,-5,5,PS,A,A,B,B,B,A,A,A,A,A,"{""LFI"":80,""PCF"":10,""Les Écologistes"":10}","aux questions 4 et 5, j'exclue des coalitions LFI-RN, je préfère que LFI n’accède pas aux gouvernement plutôt qu'elle se compromette.
Pour les alliances avec Renaissance c'est improbable, mais on ne sait qu'elle sera la forme que prendra la prochaine République... et  Paul Vannier et Violette Spillebout ayant réussi à travailler ensemble je me laisse tenter par ces possibilités dans l'intérêt de la gouvernance d'un pays. "
28-4-2026 22:29:25,31-40,BTS / DUT,LFI,,LFI > Les Écologistes > PCF > PS > Renaissance > Les Républicains > Rassemblement National > Reconquête,-5,-5,3,1,3,-5,-5,5,Renaissance,A,A,A,B,B,A,A,B,A,A,"{""LFI"":80,""PCF"":10,""Les Écologistes"":10}","Certains exemples de coalitions ne sont pas possibles (LFI + reconquête), donc il y a forcément un rejet de l’extrême droite, même si elle est au pouvoir avec une gauche fiable. Il y a un peu ce même cas de figure avec l’influences des partis dans la coalition. Une coalition 60% LFI + 40% LR est forcément bénéfique pour LFI car ils ont l'avantage et la majorité, d'où mon choix."
28-4-2026 22:29:35,21-25,Licence,PS,,LFI > Les Écologistes > PCF > PS > Renaissance > Les Républicains > Rassemblement National > Reconquête,-3,-5,5,4,5,-5,-5,5,Renaissance,A,B,A,B,B,A,A,A,A,B,"{""PS"":20,""Les Écologistes"":30,""PCF"":20,""LFI"":30}",Vraiment intéressant !
28-4-2026 22:33:32,31-40,Doctorat,Autre,NPA,LFI > Les Écologistes > PCF > PS > Les Républicains > Renaissance > Rassemblement National > Reconquête,-3,-4,3,-1,3,-5,-5,4,PS,A,A,A,B,B,A,A,A,A,A,"{""Les Écologistes"":26,""PCF"":25,""LFI"":49}",
28-4-2026 22:34:36,18-20,Licence,LFI,,LFI > PCF > Les Écologistes > PS > Renaissance > Les Républicains > Rassemblement National > Reconquête,-3,-4,3,1,4,-5,-5,5,Renaissance,A,A,B,A,A,A,A,A,A,A,"{""LFI"":100}","Le système politique français contrairement aux républiquesparlementaires, fait en sorte qu’on préfère un parti seul (et souvent un candidat en particulier) donc la question des coalitions est complètement étrangère à l’électeur français 90% du temps."
28-4-2026 22:39:05,18-20,Licence,PS,,PS > Les Écologistes > Renaissance > PCF > LFI > Les Républicains > Rassemblement National > Reconquête,1,-3,3,5,2,-5,-5,-2,LFI,A,A,B,B,B,A,A,B,A,B,"{""PS"":70,""Les Écologistes"":20,""Renaissance"":10}",
28-4-2026 22:39:08,26-30,Doctorat,PS,,PS > Les Écologistes > PCF > LFI > Renaissance > Les Républicains > Rassemblement National > Reconquête,-3,-4,4,5,4,-5,-5,1,Renaissance,A,A,A,B,B,A,A,A,A,A,"{""PS"":55,""Les Écologistes"":30,""PCF"":15}",
28-4-2026 22:40:51,40+,Master,PS,,PS > Les Écologistes > PCF > Renaissance > LFI > Les Républicains > Rassemblement National > Reconquête,-1,-3,4,4,3,-5,-5,1,Renaissance,A,A,A,A,B,A,A,A,B,B,"{""Les Écologistes"":25,""PS"":55,""PCF"":15,""LFI"":5}",
28-4-2026 22:41:26,21-25,Master,LFI,,LFI > Les Écologistes > PCF > PS > Renaissance > Les Républicains > Rassemblement National > Reconquête,-4,-5,3,-2,2,-5,-5,5,PS,A,A,B,B,B,A,A,A,A,A,"{""LFI"":80,""Les Écologistes"":15,""PCF"":5}",
28-4-2026 22:41:57,21-25,Licence,LFI,,LFI > PCF > Les Écologistes > PS > Renaissance > Les Républicains > Rassemblement National > Reconquête,-5,-5,1,1,5,-5,-5,5,Renaissance,A,A,A,B,B,B,B,A,B,A,"{""PCF"":45,""LFI"":45,""Les Écologistes"":10}",
28-4-2026 22:43:09,<18,Lycée,LFI,,LFI > Les Écologistes > PCF > PS > Renaissance > Les Républicains > Rassemblement National > Reconquête,-1,-3,4,3,4,-5,-5,5,Renaissance,A,B,A,B,B,A,A,A,A,B,"{""LFI"":43,""Les Écologistes"":43,""PCF"":6,""PS"":8}",
28-4-2026 22:43:18,40+,Master,Les Écologistes,,PCF > Les Écologistes > PS > LFI > Renaissance > Rassemblement National > Les Républicains > Reconquête,-5,-5,3,1,3,-5,-5,-3,LFI,A,B,A,B,B,A,A,A,B,B,"{""Les Écologistes"":40,""PS"":20,""PCF"":40}",
28-4-2026 22:43:29,21-25,Master,PS,,PS > Renaissance > PCF > Les Écologistes > Les Républicains > LFI > Rassemblement National > Reconquête,2,-2,2,5,3,-5,-5,-3,Les Républicains,A,A,A,B,A,A,A,A,A,A,"{""Renaissance"":25,""PS"":50,""Les Écologistes"":10,""PCF"":15}","Il était très difficile de répondre à certaines questions, du type : ""Préférez-vous une coalition PS-Reconquête ou EELV-LR ?"". Je peine à concevoir à quoi ressembleraient ces coalitions...

Et bon courage pour le mémoire :)"
28-4-2026 22:44:28,21-25,Master,LFI,,LFI > PCF > Les Écologistes > PS > Renaissance > Les Républicains > Rassemblement National > Reconquête,-5,-5,3,1,1,-5,-5,5,Renaissance,A,A,B,A,A,A,A,A,A,A,"{""LFI"":75,""PCF"":15,""Les Écologistes"":10}",
28-4-2026 22:45:34,21-25,Licence,LFI,,LFI > PCF > Les Écologistes > PS > Renaissance > Les Républicains > Rassemblement National > Reconquête,-4,-5,-1,-2,1,-5,-5,3,Les Écologistes,A,A,B,B,B,A,A,A,A,A,"{""LFI"":80,""PCF"":20}",
28-4-2026 22:46:17,21-25,Master,LFI,,LFI > PCF > Les Écologistes > PS > Renaissance > Les Républicains > Reconquête > Rassemblement National,-3,-4,1,-1,1,-5,-5,2,PS,A,A,A,B,B,A,A,B,A,A,"{""PCF"":20,""LFI"":80}",
28-4-2026 22:47:46,21-25,Licence,LFI,,LFI > Les Écologistes > PCF > PS > Renaissance > Les Républicains > Rassemblement National > Reconquête,-4,-5,4,3,5,-5,-5,5,Renaissance,A,A,A,B,A,A,A,A,A,A,"{""Les Écologistes"":24,""PCF"":25,""LFI"":51}",
28-4-2026 22:48:33,21-25,Master,Divers gauche,,LFI > Les Écologistes > PCF > PS > Renaissance > Les Républicains > Rassemblement National > Reconquête,-4,-5,4,2,3,-5,-5,5,Renaissance,A,A,B,B,A,A,A,B,A,A,"{""LFI"":80,""Les Écologistes"":20}",
28-4-2026 22:48:59,21-25,Master,LFI,,LFI > Les Écologistes > PCF > PS > Renaissance > Les Républicains > Rassemblement National > Reconquête,1,-4,3,1,2,-5,-5,4,Les Républicains,A,A,A,B,B,A,A,A,A,B,"{""Les Écologistes"":30,""LFI"":60,""PCF"":10}",
28-4-2026 22:50:26,21-25,Master,LFI,,LFI > PCF > Les Écologistes > PS > Renaissance > Les Républicains > Rassemblement National > Reconquête,-5,-5,2,1,3,-5,-5,5,Renaissance,A,A,B,A,A,A,A,B,A,A,"{""LFI"":100}",
28-4-2026 22:58:17,26-30,Doctorat,LFI,,LFI > Les Écologistes > PCF > PS > Renaissance > Les Républicains > Rassemblement National > Reconquête,-4,-5,3,0,2,-5,-5,5,Renaissance,A,A,A,B,A,A,A,A,A,B,"{""LFI"":70,""PCF"":15,""Les Écologistes"":15}",
28-4-2026 22:59:03,26-30,Lycée,LFI,,LFI > Les Écologistes > PCF > PS > Renaissance > Les Républicains > Rassemblement National > Reconquête,-5,-5,4,0,1,-5,-5,5,Renaissance,A,A,B,B,B,A,A,A,B,B,"{""Les Écologistes"":40,""LFI"":50,""PCF"":10}",
28-4-2026 22:59:27,31-40,Master,Divers gauche,,LFI > Les Écologistes > PCF > PS > Renaissance > Les Républicains > Rassemblement National > Reconquête,-2,-4,3,0,1,-5,-5,5,Renaissance,A,A,A,B,A,A,A,A,A,B,"{""PCF"":14,""LFI"":50,""Les Écologistes"":36}",
28-4-2026 22:59:38,21-25,Master,LFI,,LFI > PCF > Les Écologistes > PS > Renaissance > Les Républicains > Rassemblement National > Reconquête,-4,-5,4,3,5,-5,-5,5,Renaissance,A,A,A,B,B,A,A,A,B,B,"{""LFI"":40,""PCF"":40,""Les Écologistes"":20}",
28-4-2026 23:00:59,31-40,Master,Les Écologistes,,Les Écologistes > PS > LFI > PCF > Renaissance > Les Républicains > Rassemblement National > Reconquête,-3,-4,5,4,3,-5,-5,3,Renaissance,A,A,A,B,B,B,A,A,A,A,"{""PS"":30,""PCF"":10,""Les Écologistes"":30,""LFI"":30}",J'ai réalisé la coalition idéale de façon un peu mathématique car la gauche sans LFI ne peut pas l'emporter.
28-4-2026 23:02:55,21-25,Master,LFI,,LFI > PCF > Les Écologistes > PS > Renaissance > Les Républicains > Rassemblement National > Reconquête,-4,-4,2,-1,2,-5,-5,5,PS,A,A,B,B,B,A,A,A,A,A,"{""LFI"":100}",
28-4-2026 23:04:12,26-30,Master,PS,,Renaissance > PS > Les Républicains > Les Écologistes > PCF > Reconquête > LFI > Rassemblement National,5,-2,1,3,-1,-5,-5,-5,PCF,A,A,B,B,B,A,A,A,A,A,"{""Renaissance"":69,""PS"":31}",
28-4-2026 23:05:42,26-30,Master,LFI,,LFI > PCF > Les Écologistes > PS > Renaissance > Les Républicains > Rassemblement National > Reconquête,-5,-5,1,-3,2,-5,-5,5,PS,A,A,A,B,B,A,A,A,A,A,"{""LFI"":75,""PCF"":15,""Les Écologistes"":10}",
28-4-2026 23:08:41,31-40,Master,Les Écologistes,,Les Écologistes > PS > LFI > PCF > Renaissance > Les Républicains > Reconquête > Rassemblement National,-3,-4,5,3,3,-5,-5,3,Renaissance,A,A,A,B,B,A,A,A,A,B,"{""Les Écologistes"":50,""PS"":15,""PCF"":10,""LFI"":25}",
28-4-2026 23:08:57,26-30,Master,PS,,PS > LFI > PCF > Les Écologistes > Renaissance > Les Républicains > Rassemblement National > Reconquête,-5,-5,3,4,4,-5,-5,4,Renaissance,A,B,A,B,B,A,B,A,B,B,"{""PS"":38,""PCF"":21,""LFI"":38,""Les Écologistes"":3}",PS = LFI mais personne n'est vraiment prêt à débat. Les vrais bourgeois de gauche sont chez LFI sociologiquement et electoralement.
28-4-2026 23:11:23,40+,Master,Les Écologistes,,Les Écologistes > LFI > PS > PCF > Renaissance > Rassemblement National > Les Républicains > Reconquête,-1,-3,5,4,2,5,-5,5,Renaissance,A,B,A,B,B,B,A,A,B,B,"{""Les Écologistes"":25,""PS"":15,""PCF"":5,""LFI"":55}",
28-4-2026 23:16:20,18-20,Licence,LFI,,LFI > PCF > Les Écologistes > PS > Renaissance > Les Républicains > Rassemblement National > Reconquête,-5,-5,1,-3,2,-5,-5,5,PS,A,A,B,B,A,A,A,A,A,A,"{""LFI"":80,""PCF"":20}",
28-4-2026 23:16:21,18-20,Licence,N'a pas voté,,Les Écologistes > PCF > PS > Renaissance > LFI > Les Républicains > Rassemblement National > Reconquête,-1,-4,2,2,2,-5,-5,-1,Renaissance,A,B,A,B,B,A,A,A,B,B,"{""PS"":20,""PCF"":20,""LFI"":20,""Les Écologistes"":40}",
28-4-2026 23:18:09,21-25,Licence,LFI,,Les Écologistes > LFI > PS > PCF > Renaissance > Les Républicains > Rassemblement National > Reconquête,-2,-4,2,-1,-1,-5,-5,2,PS,A,A,A,B,B,A,A,A,B,A,"{""Les Écologistes"":40,""LFI"":40,""PS"":10,""PCF"":5,""Renaissance"":5}",
28-4-2026 23:18:15,26-30,Master,LFI,,LFI > PCF > Les Écologistes > PS > Renaissance > Les Républicains > Rassemblement National > Reconquête,-3,-5,4,1,5,-4,-5,5,Renaissance,A,A,A,B,B,A,A,A,A,B,"{""LFI"":45,""PCF"":25,""Les Écologistes"":30}",
28-4-2026 23:19:46,21-25,Master,PS,,PS > PCF > Les Écologistes > LFI > Renaissance > Les Républicains > Reconquête > Rassemblement National,-3,-4,4,5,4,-5,-5,1,Renaissance,A,A,A,B,B,A,A,A,A,A,"{""Les Écologistes"":25,""PS"":50,""PCF"":25}",
28-4-2026 23:20:03,21-25,Master,LFI,,LFI > PCF > Les Écologistes > PS > Renaissance > Les Républicains > Rassemblement National > Reconquête,-3,-4,2,-1,4,-5,-5,5,PS,A,A,B,B,B,A,A,A,A,A,"{""PCF"":25,""Les Écologistes"":15,""LFI"":60}",
28-4-2026 23:21:42,21-25,Licence,LFI,,LFI > PCF > Les Écologistes > PS > Renaissance > Les Républicains > Rassemblement National > Reconquête,-3,-4,3,-1,3,-5,-5,5,PS,A,A,B,B,B,A,A,A,A,A,"{""LFI"":70,""PCF"":20,""Les Écologistes"":10}",
28-4-2026 23:22:22,40+,Master,LFI,,PS > Les Écologistes > PCF > LFI > Renaissance > Les Républicains > Rassemblement National > Reconquête,-1,-4,5,5,1,-5,-5,2,Renaissance,A,B,A,B,B,B,B,B,B,A,"{""Les Écologistes"":35,""PS"":35,""PCF"":10,""LFI"":20}",
28-4-2026 23:25:33,21-25,Master,Les Écologistes,,Les Écologistes > LFI > PS > PCF > Renaissance > Les Républicains > Rassemblement National > Reconquête,-3,-4,5,4,3,-5,-5,4,Renaissance,A,B,A,B,B,A,A,A,A,B,"{""Les Écologistes"":25,""PS"":33,""PCF"":10,""LFI"":32}",
28-4-2026 23:26:24,18-20,Licence,PS,,PS > Les Écologistes > PCF > Renaissance > Les Républicains > LFI > Rassemblement National > Reconquête,-1,-2,4,5,4,-5,-4,0,Renaissance,A,A,A,B,B,A,A,B,B,A,"{""PS"":49,""Les Écologistes"":21,""PCF"":21,""LFI"":9}",J'ai répondu en faisant abstraction des réalités politiques et seulement en fonction de mes préférences. 
28-4-2026 23:29:19,40+,Master,LFI,,LFI > Les Écologistes > PCF > PS > Renaissance > Les Républicains > Rassemblement National > Reconquête,-5,-5,2,-3,-1,-5,3,5,PCF,A,A,B,A,A,A,A,B,A,A,"{""LFI"":90,""Les Écologistes"":10}",
28-4-2026 23:30:15,26-30,Licence,LFI,,LFI > PCF > Les Écologistes > PS > Renaissance > Les Républicains > Rassemblement National > Reconquête,-5,-5,-3,-5,-2,-5,-5,5,PCF,A,A,B,B,A,A,A,B,A,A,"{""LFI"":85,""PCF"":10,""Les Écologistes"":5}","Les partis complètement opposés (LFI, Reconquête) ne permettent pas une analyse pertinente à mon sens dans l’idée d’une coalition. Compliqué à mettre dans ce questionnaire mais nuancé à apporter dans la future analyse des résultats. Bon courage "
28-4-2026 23:30:36,26-30,Licence,LFI,,LFI > PCF > Les Écologistes > Renaissance > PS > Les Républicains > Rassemblement National > Reconquête,-5,-5,0,-5,1,-5,-5,3,Renaissance,A,A,B,A,A,A,A,B,A,A,"{""LFI"":80,""PCF"":15,""Les Écologistes"":5}",
28-4-2026 23:36:54,21-25,Master,PS,,PS > PCF > Les Écologistes > LFI > Renaissance > Les Républicains > Rassemblement National > Reconquête,-3,-4,4,5,4,-5,-5,1,Renaissance,A,A,A,B,B,A,A,A,A,B,"{""PS"":50,""Les Écologistes"":19,""PCF"":20,""LFI"":11}",
28-4-2026 23:38:42,21-25,Master,LFI,,LFI > PCF > Les Écologistes > PS > Renaissance > Les Républicains > Rassemblement National > Reconquête,-4,-4,0,-2,2,-5,-5,5,PS,A,A,B,B,A,B,A,B,A,A,"{""LFI"":50,""PCF"":40,""Les Écologistes"":10}","Meme pour l’exercice de pensée, il est difficile d’imaginer des coalitions LFI-Reconquete (par exemple) et les comparer à d’autres configurations"
28-4-2026 23:44:21,21-25,Licence,LFI,,LFI > Les Écologistes > PCF > PS > Renaissance > Les Républicains > Rassemblement National > Reconquête,-3,-5,3,0,2,-5,-5,5,Renaissance,A,A,A,B,B,A,A,A,A,A,"{""Les Écologistes"":20,""LFI"":60,""PCF"":20}",
28-4-2026 23:45:46,26-30,Doctorat,LFI,,LFI > Les Écologistes > PCF > PS > Renaissance > Les Républicains > Rassemblement National > Reconquête,-5,-5,2,-1,1,-5,-5,5,PS,A,A,B,B,B,A,A,A,A,A,"{""Les Écologistes"":25,""PCF"":25,""LFI"":50}","Possible de voter pour aucune des deux coalitions proposées ?

et bon courage pour le mémoire !!"
28-4-2026 23:50:51,21-25,Master,PS,,PS > PCF > Les Écologistes > LFI > Renaissance > Les Républicains > Rassemblement National > Reconquête,-2,-4,2,4,3,-5,-5,0,Renaissance,A,B,A,B,B,A,A,A,A,B,"{""PS"":60,""Les Écologistes"":15,""PCF"":20,""LFI"":5}",
28-4-2026 23:51:22,26-30,Master,Les Écologistes,,Les Écologistes > LFI > PCF > PS > Les Républicains > Renaissance > Rassemblement National > Reconquête,-5,-4,5,2,5,-5,-5,5,Les Républicains,A,B,A,B,B,A,A,A,B,B,"{""Les Écologistes"":34,""PCF"":33,""LFI"":33}",
28-4-2026 23:51:33,26-30,Master,LFI,,LFI > PCF > Les Écologistes > PS > Les Républicains > Renaissance > Rassemblement National > Reconquête,-5,-5,2,-3,-5,-5,-5,5,PS,A,A,B,B,B,A,A,A,A,A,"{""LFI"":65,""PCF"":35}",
28-4-2026 23:51:35,40+,Master,Autre,NPA,LFI > Les Écologistes > PCF > PS > Renaissance > Les Républicains > Rassemblement National > Reconquête,-5,-5,-2,-4,-2,-5,-5,1,Les Écologistes,A,A,A,B,A,A,A,A,A,A,"{""LFI"":57,""PCF"":15,""Les Écologistes"":28}","J'ai vraiment du forcé mon choix entre certaines coalitions qui me semblait toutes les deux horribles. Je n'irais clairement pas voté (ou blanc) dans ce genre de cas de figure.
Bon et je suis trop a gauche pour donner des résultats pertinents je pense XD"
28-4-2026 23:51:57,26-30,Master,Les Écologistes,,Les Écologistes > PS > LFI > PCF > Renaissance > Les Républicains > Rassemblement National > Reconquête,1,-3,5,5,2,-5,-5,2,Les Républicains,A,A,B,B,B,B,A,B,B,B,"{""Les Écologistes"":35,""PS"":30,""PCF"":10,""LFI"":15,""Renaissance"":10}",
28-4-2026 23:53:02,18-20,Licence,LFI,,LFI > PCF > Les Écologistes > PS > Renaissance > Les Républicains > Rassemblement National > Reconquête,-1,-5,4,0,4,-5,-5,4,Renaissance,A,B,A,B,B,A,A,A,B,B,"{""Les Écologistes"":34,""PCF"":33,""LFI"":33}",
28-4-2026 23:55:14,18-20,Licence,Horizons,,Renaissance > PS > Les Républicains > Les Écologistes > PCF > LFI > Reconquête > Rassemblement National,5,2,-2,4,-2,-5,-5,-4,Les Écologistes,A,A,B,B,B,A,A,B,B,A,"{""Renaissance"":66,""PS"":34}",
28-4-2026 23:57:02,31-40,Master,PS,,Renaissance > PS > Les Républicains > Les Écologistes > PCF > Rassemblement National > Reconquête > LFI,2,1,-1,1,-2,-4,-5,-5,Les Écologistes,A,A,B,B,B,A,A,A,B,A,"{""Renaissance"":30,""PS"":30,""Les Républicains"":25,""Les Écologistes"":15}",Jamais LFI
29-4-2026 0:02:25,26-30,Master,LFI,,LFI > PCF > Les Écologistes > PS > Renaissance > Les Républicains > Rassemblement National > Reconquête,-4,-4,0,0,1,-5,-5,5,Renaissance,A,A,A,B,B,A,A,B,A,A,"{""LFI"":100}",Certaines questions sont absurdes puisque les coalitions sont impossibles. On choisit pour le sondage mais la solution ne se poserait pas dans la réalité 
29-4-2026 0:03:28,31-40,Master,LFI,,LFI > Les Écologistes > PCF > PS > Renaissance > Les Républicains > Rassemblement National > Reconquête,-2,-3,3,1,2,2,-5,4,Renaissance,A,A,A,B,B,A,A,A,B,B,"{""LFI"":50,""PCF"":20,""Les Écologistes"":30}",
29-4-2026 0:07:18,31-40,Master,Renaissance,,Renaissance > Les Républicains > PS > Rassemblement National > PCF > Les Écologistes > Reconquête > LFI,3,1,-1,0,-1,0,-2,-3,Les Écologistes,A,A,A,B,B,A,A,B,A,B,"{""Renaissance"":50,""Les Républicains"":25,""PS"":25}",
29-4-2026 0:14:06,26-30,Master,PS,,PS > Les Républicains > PCF > Les Écologistes > Renaissance > Reconquête > LFI > Rassemblement National,-5,1,0,5,1,-5,-3,-5,Reconquête,A,A,B,A,A,A,A,B,A,A,"{""Les Républicains"":30,""PS"":60,""Reconquête"":10}",
29-4-2026 0:19:51,26-30,Master,LFI,,LFI > PCF > Les Écologistes > PS > Les Républicains > Renaissance > Rassemblement National > Reconquête,-5,-5,1,1,1,-5,4,1,Renaissance,A,B,A,B,B,A,A,A,B,B,"{""Les Écologistes"":25,""PS"":25,""PCF"":25,""LFI"":25}",
29-4-2026 0:20:44,21-25,Licence,LFI,,LFI > Les Écologistes > PCF > PS > Renaissance > Les Républicains > Rassemblement National > Reconquête,-5,-5,3,1,3,-5,-5,5,Renaissance,A,A,A,B,B,A,A,A,A,B,"{""LFI"":50,""PCF"":30,""Les Écologistes"":20}",
29-4-2026 0:22:16,18-20,Lycée,N'a pas voté,,LFI > Les Écologistes > PCF > PS > Renaissance > Les Républicains > Reconquête > Rassemblement National,-5,-5,2,-1,3,-5,-5,5,PS,A,A,B,A,A,A,A,B,B,A,"{""LFI"":40,""Les Écologistes"":36,""PCF"":24}",
29-4-2026 0:23:51,21-25,Doctorat,LFI,,LFI > PCF > Les Écologistes > PS > Renaissance > Les Républicains > Rassemblement National > Reconquête,-5,-5,3,-1,3,-5,-5,5,PS,A,A,A,B,B,A,A,A,A,A,"{""LFI"":60,""PCF"":25,""Les Écologistes"":15}",
29-4-2026 0:24:57,26-30,Doctorat,LFI,,LFI > Les Écologistes > PCF > PS > Renaissance > Les Républicains > Rassemblement National > Reconquête,-5,-5,-1,-3,-1,-5,-5,5,Les Écologistes,A,A,B,A,A,A,A,A,A,A,"{""LFI"":100}",
29-4-2026 0:27:37,31-40,Master,LFI,,Les Écologistes > LFI > PS > PCF > Renaissance > Les Républicains > Reconquête > Rassemblement National,-2,-4,5,4,3,-5,-5,4,Renaissance,A,B,A,B,B,A,B,A,B,B,"{""Les Écologistes"":30,""PS"":20,""PCF"":10,""LFI"":40}",
29-4-2026 0:27:38,21-25,Licence,LFI,,LFI > Les Écologistes > PCF > PS > Renaissance > Les Républicains > Rassemblement National > Reconquête,-3,-4,4,1,2,-5,-5,5,Renaissance,A,A,B,B,B,A,B,A,A,B,"{""LFI"":51,""Les Écologistes"":33,""PCF"":16}",
29-4-2026 0:31:05,21-25,Master,Les Écologistes,,Les Écologistes > PS > PCF > LFI > Renaissance > Les Républicains > Rassemblement National > Reconquête,-3,-4,5,4,4,-5,-5,3,Renaissance,A,A,A,B,B,A,A,A,A,B,"{""PS"":17,""PCF"":17,""LFI"":16,""Les Écologistes"":50}",
29-4-2026 0:36:01,21-25,Licence,LFI,,LFI > PCF > Les Écologistes > PS > Renaissance > Les Républicains > Rassemblement National > Reconquête,-5,-5,2,1,4,-5,-5,5,Renaissance,A,A,A,B,B,A,A,A,B,B,"{""Les Écologistes"":25,""PCF"":25,""LFI"":50}",
29-4-2026 0:36:25,26-30,Master,LFI,,LFI > Les Écologistes > PS > PCF > Renaissance > Les Républicains > Rassemblement National > Reconquête,0,-4,3,2,2,-5,-5,4,Les Républicains,A,B,A,B,B,A,A,A,A,B,"{""PS"":30,""Les Écologistes"":35,""LFI"":35}",
29-4-2026 0:37:10,21-25,Master,LFI,,LFI > Les Écologistes > PCF > PS > Renaissance > Les Républicains > Rassemblement National > Reconquête,-4,-4,2,-1,1,-5,-5,5,PS,A,A,A,B,B,A,A,A,A,A,"{""LFI"":80,""PCF"":5,""Les Écologistes"":15}",
29-4-2026 0:38:10,26-30,Master,LFI,,LFI > PCF > Les Écologistes > PS > Renaissance > Les Républicains > Rassemblement National > Reconquête,-5,-5,0,-3,2,-5,-5,5,PS,A,A,B,B,B,A,B,A,A,A,"{""LFI"":75,""PCF"":15,""Les Écologistes"":10}",
29-4-2026 0:39:12,26-30,Master,LFI,,LFI > Les Écologistes > PCF > PS > Renaissance > Les Républicains > Rassemblement National > Reconquête,-2,-4,3,2,2,-5,-5,4,Renaissance,A,B,A,B,B,A,A,A,B,B,"{""LFI"":30,""Les Écologistes"":30,""PCF"":20,""PS"":20}",
29-4-2026 0:42:44,<18,Lycée,N'a pas voté,,Les Écologistes > PCF > LFI > PS > Renaissance > Les Républicains > Rassemblement National > Reconquête,-1,-2,5,5,5,-5,-5,2,Renaissance,A,B,A,B,B,A,A,A,A,B,"{""Les Écologistes"":50,""PS"":10,""PCF"":37,""LFI"":3}",
29-4-2026 0:53:46,26-30,Master,LFI,,LFI > PCF > Les Écologistes > PS > Renaissance > Les Républicains > Rassemblement National > Reconquête,-3,-5,3,2,4,-5,-5,5,Renaissance,A,B,A,B,B,A,A,A,A,B,"{""Les Écologistes"":7,""LFI"":71,""PCF"":15,""PS"":7}",
29-4-2026 0:54:10,26-30,Master,LFI,,LFI > PCF > Les Écologistes > PS > Renaissance > Les Républicains > Rassemblement National > Reconquête,-4,-5,-5,-5,4,-5,-5,4,Renaissance,A,B,B,B,B,B,A,A,B,B,"{""LFI"":40,""PCF"":40,""PS"":20}",
29-4-2026 0:55:59,18-20,Licence,LFI,,LFI > PCF > Les Écologistes > PS > Renaissance > Les Républicains > Rassemblement National > Reconquête,-5,-5,2,1,3,-5,-5,5,Renaissance,A,A,A,B,A,A,A,A,A,B,"{""LFI"":70,""PCF"":15,""Les Écologistes"":15}",
29-4-2026 0:56:43,21-25,Master,LFI,,LFI > PCF > Les Écologistes > PS > Renaissance > Les Républicains > Rassemblement National > Reconquête,-4,-5,1,-1,4,5,-5,5,PS,A,A,B,B,B,A,A,A,A,A,"{""LFI"":75,""PCF"":20,""Les Écologistes"":5}",
29-4-2026 0:57:16,21-25,Licence,LFI,,LFI > PCF > Les Écologistes > PS > Renaissance > Les Républicains > Rassemblement National > Reconquête,-4,-4,0,-1,2,-5,-5,4,PS,A,A,A,B,B,A,A,B,A,A,"{""PCF"":34,""LFI"":46,""Les Écologistes"":20}",
29-4-2026 0:58:20,21-25,Lycée,LFI,,LFI > PCF > Les Écologistes > PS > Les Républicains > Renaissance > Rassemblement National > Reconquête,-5,-5,4,2,4,-5,-5,5,Renaissance,A,A,A,B,B,A,A,A,A,A,"{""LFI"":50,""PCF"":15,""Les Écologistes"":15,""PS"":20}",
29-4-2026 0:59:20,31-40,Master,LFI,,LFI > Les Écologistes > PCF > PS > Renaissance > Les Républicains > Rassemblement National > Reconquête,-5,-5,5,1,3,-5,-5,5,Renaissance,A,A,A,B,B,A,A,A,A,B,"{""LFI"":80,""PCF"":10,""Les Écologistes"":10}",
29-4-2026 0:59:51,21-25,Master,LFI,,LFI > Les Écologistes > PS > PCF > Renaissance > Les Républicains > Rassemblement National > Reconquête,-4,-5,5,4,4,-5,-5,5,Renaissance,A,B,A,B,B,A,A,A,B,B,"{""LFI"":35,""Les Écologistes"":30,""PS"":25,""PCF"":10}",C’est hyper intéressant. Bon courage !
29-4-2026 1:02:31,26-30,Master,LFI,,LFI > Les Écologistes > PCF > PS > Renaissance > Les Républicains > Rassemblement National > Reconquête,-4,-5,2,-2,-2,-5,-5,3,PS,A,A,B,B,B,A,A,A,A,A,"{""Les Écologistes"":30,""LFI"":51,""PS"":10,""PCF"":9}",
29-4-2026 1:04:11,21-25,Licence,LFI,,LFI > PCF > Les Écologistes > PS > Renaissance > Les Républicains > Rassemblement National > Reconquête,-3,-4,2,2,4,-5,-5,5,Renaissance,A,A,A,B,B,A,A,A,A,A,"{""Les Écologistes"":20,""PCF"":20,""LFI"":45,""PS"":15}",
29-4-2026 1:09:23,40+,Master,Divers gauche,,LFI > Les Écologistes > PCF > PS > Les Républicains > Renaissance > Rassemblement National > Reconquête,-4,-3,4,0,1,-5,-5,4,Les Républicains,A,A,B,B,B,B,A,A,B,B,"{""LFI"":40,""PCF"":12,""PS"":12,""Les Écologistes"":30,""Les Républicains"":6}","J'ai répondu rapidement en fonction de mes impressions des partis, mais la présence de personnalité d'autres partis comme Philippe Poutou du NPA, Anasse Kazib de RP, ou le soutient d'autres figures populaires comme Greta Thunberg ou Thomas Pesquet, ou à l'inverse de JD Vance, serait à même de changer mes appréciations."
29-4-2026 1:09:34,21-25,Master,LFI,,LFI > Les Écologistes > PCF > PS > Renaissance > Les Républicains > Rassemblement National > Reconquête,-5,-5,3,-3,1,-5,-5,5,PS,A,A,A,B,B,A,A,A,B,A,"{""LFI"":60,""PCF"":15,""Les Écologistes"":25}",
29-4-2026 1:11:33,31-40,Master,Les Écologistes,,Les Écologistes > PS > LFI > PCF > Renaissance > Les Républicains > Rassemblement National > Reconquête,-1,-5,5,2,1,-5,-5,1,Renaissance,A,A,A,B,B,A,A,B,B,A,"{""PCF"":10,""LFI"":25,""PS"":25,""Les Écologistes"":40}",
29-4-2026 1:16:16,31-40,Doctorat,Les Écologistes,,Les Écologistes > LFI > PCF > PS > Renaissance > Les Républicains > Rassemblement National > Reconquête,-3,-5,4,1,2,-5,-5,3,Renaissance,A,B,A,B,B,A,A,A,A,A,"{""Les Écologistes"":54,""LFI"":24,""PCF"":22}",
29-4-2026 1:17:05,18-20,Licence,PS,,PS > Les Écologistes > PCF > LFI > Renaissance > Les Républicains > Rassemblement National > Reconquête,-3,-4,4,5,4,-5,-5,1,Renaissance,A,A,B,B,B,B,B,A,B,B,"{""PS"":40,""Renaissance"":10,""LFI"":10,""PCF"":20,""Les Écologistes"":20}",
29-4-2026 1:20:14,21-25,Master,LFI,,LFI > Les Écologistes > PCF > PS > Renaissance > Les Républicains > Reconquête > Rassemblement National,-5,-5,4,2,3,-5,-5,5,Renaissance,A,A,A,B,B,A,A,A,A,A,"{""LFI"":50,""Les Écologistes"":25,""PCF"":25}",
29-4-2026 1:22:21,26-30,Master,LFI,,LFI > Les Écologistes > PCF > PS > Renaissance > Les Républicains > Rassemblement National > Reconquête,-4,-5,2,-1,0,-5,-5,5,PS,A,A,B,B,B,A,A,A,A,A,"{""LFI"":60,""Les Écologistes"":35,""PCF"":5}",
29-4-2026 1:24:30,21-25,Master,LFI,,LFI > Les Écologistes > PCF > PS > Renaissance > Les Républicains > Rassemblement National > Reconquête,-2,-4,2,1,1,-5,-5,5,Renaissance,A,A,B,B,B,A,A,A,A,B,"{""LFI"":60,""PCF"":10,""PS"":10,""Les Écologistes"":20}",
29-4-2026 1:24:37,31-40,Doctorat,Autre,LO,LFI > PCF > Les Écologistes > PS > Renaissance > Les Républicains > Rassemblement National > Reconquête,-5,-5,2,1,4,-5,-5,5,Renaissance,A,A,B,B,A,A,A,A,A,B,"{""LFI"":80,""PCF"":10,""Les Écologistes"":8,""PS"":2}",
29-4-2026 1:28:15,21-25,Licence,LFI,,LFI > PCF > Les Écologistes > PS > Renaissance > Les Républicains > Rassemblement National > Reconquête,-4,-5,-2,-3,-1,-5,-5,4,PCF,A,A,A,B,B,A,A,A,A,A,"{""Les Écologistes"":10,""LFI"":85,""PCF"":5}",
29-4-2026 1:28:56,18-20,Master,LFI,,LFI > PCF > Les Écologistes > PS > Renaissance > Les Républicains > Rassemblement National > Reconquête,-5,-5,-1,-4,2,-5,-5,5,Les Écologistes,A,A,B,B,B,A,A,B,A,A,"{""LFI"":75,""PCF"":25}",
29-4-2026 1:46:00,18-20,Lycée,N'a pas voté,,LFI > Les Écologistes > PCF > PS > Renaissance > Les Républicains > Rassemblement National > Reconquête,-5,-5,-3,-5,-4,-5,-5,3,Les Écologistes,A,A,A,A,A,A,A,A,A,A,"{""LFI"":91,""PCF"":4,""Les Écologistes"":5}",
29-4-2026 1:49:08,26-30,Master,LFI,,LFI > PCF > Les Écologistes > PS > Renaissance > Les Républicains > Rassemblement National > Reconquête,-4,-4,0,-2,2,-5,-5,5,PS,A,A,B,B,A,A,A,A,A,A,"{""LFI"":80,""PCF"":20}","Certaines hypothèses comme {LFI, reconquête} sont tellement improbables que choisir une préférence paraît absurde"
29-4-2026 2:19:22,26-30,Master,PS,,Renaissance > PS > Les Écologistes > Les Républicains > PCF > LFI > Rassemblement National > Reconquête,3,-3,-1,2,-3,-4,-5,-4,Les Écologistes,A,B,B,B,B,B,A,A,B,A,"{""Renaissance"":50,""PS"":40,""Les Écologistes"":10}",
29-4-2026 2:21:55,21-25,Master,LFI,,LFI > PCF > Les Écologistes > PS > Renaissance > Les Républicains > Rassemblement National > Reconquête,-4,-5,3,1,3,-5,-5,5,Renaissance,A,A,A,B,B,A,A,A,B,A,"{""LFI"":50,""PCF"":25,""Les Écologistes"":25}",
29-4-2026 2:23:01,21-25,Licence,LFI,,LFI > PCF > Les Écologistes > PS > Renaissance > Les Républicains > Rassemblement National > Reconquête,-5,-5,-3,-5,-3,-5,-3,3,Les Écologistes,A,A,B,B,A,A,A,B,A,A,"{""LFI"":50,""PCF"":25,""Les Écologistes"":15,""PS"":10}","J’ai du mal à imaginer une coalition reconquête et lfi dans la mesure où ils ont des idées opposées et qu’ils auraient du mal à s’entendre, même si je comprends le souhait de vouloir trouver des préférences hypothétiques ( a part ca, super questionnaire c’était fun)"
29-4-2026 4:06:18,21-25,Licence,PS,,LFI > PCF > PS > Les Écologistes > Renaissance > Les Républicains > Rassemblement National > Reconquête,-5,-5,2,0,3,-5,-5,5,Renaissance,A,A,B,B,B,A,A,A,A,A,"{""LFI"":80,""PCF"":10,""Les Écologistes"":10}",
29-4-2026 4:50:18,21-25,Licence,LFI,,PCF > LFI > Les Écologistes > PS > Renaissance > Les Républicains > Rassemblement National > Reconquête,-3,-4,3,2,5,-5,-5,3,Renaissance,A,A,A,B,B,A,A,A,A,B,"{""PCF"":45,""PS"":15,""Les Écologistes"":20,""LFI"":20}","Pour la question relative aux dernières élections nationales, il aurait peut-être fallu mettre une option NFP, dans la mesure où en 2024 j'ai voté LFI sans être un ""électeur LFI"" pour autant"
29-4-2026 5:17:22,31-40,Master,LFI,,LFI > Les Écologistes > PCF > PS > Renaissance > Les Républicains > Rassemblement National > Reconquête,-5,-5,2,1,2,-5,-5,5,Renaissance,A,A,A,A,A,A,A,B,A,A,"{""LFI"":60,""PCF"":15,""Les Écologistes"":15,""PS"":10}",
29-4-2026 6:16:08,26-30,Master,Renaissance,,Renaissance > Les Républicains > PS > Les Écologistes > Rassemblement National > PCF > Reconquête > LFI,5,1,0,1,0,-3,-4,-5,Rassemblement National,A,A,B,A,B,A,A,B,A,A,"{""Renaissance"":53,""Les Républicains"":20,""PS"":10,""PCF"":5,""Rassemblement National"":5,""Les Écologistes"":3,""Reconquête"":3,""LFI"":1}",
29-4-2026 7:06:41,18-20,Licence,N'a pas voté,,LFI > PCF > Les Écologistes > PS > Renaissance > Les Républicains > Rassemblement National > Reconquête,-3,-4,3,1,3,-5,0,5,Renaissance,A,A,A,B,B,A,A,A,B,B,"{""LFI"":50,""PCF"":25,""Les Écologistes"":25}",
29-4-2026 7:22:36,21-25,Master,PS,,PS > PCF > Les Écologistes > LFI > Renaissance > Les Républicains > Rassemblement National > Reconquête,-5,-5,5,5,5,-5,-5,1,Renaissance,A,A,A,B,B,A,A,A,A,B,"{""PS"":55,""PCF"":30,""Les Écologistes"":15}",
29-4-2026 7:31:48,31-40,Lycée,LFI,,LFI > PCF > Les Écologistes > PS > Renaissance > Les Républicains > Rassemblement National > Reconquête,-5,-5,2,-5,3,-5,-5,5,Renaissance,A,A,B,B,B,A,A,A,A,A,"{""LFI"":100}",
29-4-2026 7:58:42,31-40,Licence,LFI,,LFI > PCF > Les Écologistes > PS > Renaissance > Les Républicains > Rassemblement National > Reconquête,-5,-5,-3,-4,-3,-5,-5,5,Les Écologistes,A,A,A,A,A,A,A,B,A,A,"{""LFI"":100}",
29-4-2026 7:59:53,31-40,Master,LFI,,Les Écologistes > PCF > LFI > PS > Renaissance > Les Républicains > Reconquête > Rassemblement National,-1,4,4,3,4,5,-5,4,Renaissance,A,B,A,B,B,A,A,A,B,B,"{""Les Écologistes"":29,""PS"":18,""PCF"":29,""LFI"":24}",
29-4-2026 8:23:53,21-25,Master,LFI,,Les Écologistes > PS > PCF > LFI > Renaissance > Les Républicains > Rassemblement National > Reconquête,-4,-5,4,3,2,-5,-5,2,Renaissance,A,A,A,B,B,A,A,A,A,B,"{""Les Écologistes"":35,""PS"":30,""PCF"":15,""LFI"":20}",
29-4-2026 8:35:34,21-25,Master,Renaissance,,Renaissance > Les Républicains > Rassemblement National > PS > PCF > Reconquête > Les Écologistes > LFI,4,3,-4,-2,0,1,-3,-5,PS,A,A,B,B,B,B,A,B,B,A,"{""Renaissance"":60,""Les Républicains"":40}",
29-4-2026 8:54:08,40+,Master,LFI,,LFI > Les Écologistes > PCF > PS > Renaissance > Les Républicains > Rassemblement National > Reconquête,-5,-5,4,1,1,-5,-5,3,Renaissance,A,A,A,B,B,A,A,A,A,B,"{""LFI"":65,""PCF"":10,""PS"":4,""Les Écologistes"":21}",
29-4-2026 8:54:33,26-30,Master,LFI,,LFI > PCF > Les Écologistes > PS > Renaissance > Les Républicains > Rassemblement National > Reconquête,-3,-5,2,1,2,-4,-5,5,Renaissance,A,A,A,B,B,A,A,A,A,B,"{""LFI"":64,""PCF"":16,""Les Écologistes"":15,""PS"":5}",
29-4-2026 8:54:45,21-25,Master,LFI,,LFI > PCF > Les Écologistes > PS > Renaissance > Les Républicains > Rassemblement National > Reconquête,-3,-5,3,1,3,-5,-5,5,Renaissance,A,A,A,B,A,A,A,B,A,A,"{""PCF"":20,""LFI"":60,""Les Écologistes"":20}",
29-4-2026 8:57:41,18-20,Licence,Les Écologistes,,LFI > Les Écologistes > PS > PCF > Renaissance > Les Républicains > Rassemblement National > Reconquête,-4,-5,5,2,2,-5,-5,5,Renaissance,A,B,A,A,B,A,A,A,B,B,"{""LFI"":34,""Les Écologistes"":16,""PCF"":20,""PS"":30}",
29-4-2026 9:00:13,40+,Doctorat,Les Écologistes,,Les Écologistes > PS > Renaissance > PCF > Les Républicains > LFI > Rassemblement National > Reconquête,-1,-1,3,1,-1,-5,-5,-3,Renaissance,A,A,B,B,B,A,A,B,A,A,"{""Les Écologistes"":80,""PS"":20}",
29-4-2026 9:08:25,18-20,Licence,LFI,,LFI > PCF > Les Écologistes > PS > Les Républicains > Renaissance > Rassemblement National > Reconquête,-4,-5,3,1,4,-5,-5,5,Renaissance,A,A,B,B,A,A,A,A,A,B,"{""LFI"":75,""PCF"":20,""Les Écologistes"":5}",
29-4-2026 9:09:07,21-25,Doctorat,PS,,PCF > Les Écologistes > PS > LFI > Renaissance > Les Républicains > Rassemblement National > Reconquête,-1,-3,3,2,4,-5,-5,2,Renaissance,A,B,A,B,B,A,A,A,B,A,"{""Les Écologistes"":20,""PS"":20,""PCF"":40,""LFI"":20}",
29-4-2026 9:10:11,21-25,Master,LFI,,LFI > PCF > Les Écologistes > PS > Renaissance > Les Républicains > Rassemblement National > Reconquête,-2,-4,4,3,5,-5,-5,5,Renaissance,A,B,B,B,B,A,A,A,B,B,"{""LFI"":40,""PCF"":30,""PS"":10,""Les Écologistes"":20}",
29-4-2026 9:21:01,18-20,Licence,N'a pas voté,,LFI > Les Écologistes > PCF > PS > Renaissance > Les Républicains > Reconquête > Rassemblement National,-5,-5,5,0,3,-5,-5,5,Renaissance,A,B,A,B,B,A,A,A,A,B,"{""PCF"":20,""Les Écologistes"":40,""LFI"":40}",
29-4-2026 9:33:30,21-25,Master,LFI,,LFI > PCF > Les Écologistes > PS > Renaissance > Les Républicains > Rassemblement National > Reconquête,-1,-5,2,1,4,-4,-5,5,Renaissance,A,A,B,B,B,A,A,A,A,B,"{""LFI"":60,""PCF"":22,""Les Écologistes"":18}",
29-4-2026 9:37:01,31-40,Licence,LFI,,LFI > Les Écologistes > PCF > PS > Renaissance > Les Républicains > Rassemblement National > Reconquête,-4,-5,3,-2,2,-5,-5,4,PS,A,A,A,B,B,A,A,A,B,A,"{""Les Écologistes"":25,""PCF"":25,""LFI"":50}",
29-4-2026 9:39:19,<18,Lycée,N'a pas voté,,Renaissance > Les Républicains > PS > Les Écologistes > PCF > LFI > Rassemblement National > Reconquête,4,0,-1,0,-2,-5,-5,-5,Les Écologistes,A,A,A,A,A,A,A,A,A,A,"{""Renaissance"":70,""Les Républicains"":15,""PS"":15}",
29-4-2026 9:40:07,21-25,Master,Autre,Parti Pirate,Renaissance > PS > Les Républicains > Les Écologistes > PCF > LFI > Rassemblement National > Reconquête,0,0,0,0,-4,-5,-5,-5,PCF,A,B,B,B,B,A,A,A,B,B,"{""Renaissance"":40,""Les Écologistes"":20,""PS"":40}",
29-4-2026 9:40:07,40+,Master,LFI,,LFI > Les Écologistes > PCF > PS > Renaissance > Les Républicains > Rassemblement National > Reconquête,-2,-3,3,1,2,-5,-5,5,Renaissance,A,A,A,B,B,A,A,A,A,B,"{""LFI"":70,""PS"":5,""Les Écologistes"":15,""PCF"":10}",
29-4-2026 9:40:24,21-25,Master,LR,,Les Républicains > Rassemblement National > Reconquête > Renaissance > PS > PCF > Les Écologistes > LFI,-3,2,-5,-4,-4,-2,-2,-5,Rassemblement National,A,A,B,B,B,A,A,A,A,A,"{""Les Républicains"":67,""Rassemblement National"":22,""Reconquête"":11}",
29-4-2026 9:50:27,18-20,Licence,Divers gauche,,Les Écologistes > LFI > PCF > PS > Renaissance > Les Républicains > Rassemblement National > Reconquête,-2,-4,5,3,4,-5,-5,4,Renaissance,A,B,A,B,B,A,A,A,B,B,"{""Les Écologistes"":25,""PS"":25,""PCF"":25,""LFI"":25}",
29-4-2026 9:58:15,21-25,Master,LFI,,LFI > Les Écologistes > PS > Renaissance > PCF > Les Républicains > Reconquête > Rassemblement National,-4,-4,-1,-2,-3,-5,5,2,Les Écologistes,A,A,B,B,A,A,A,B,A,A,"{""LFI"":80,""Les Écologistes"":20}",
29-4-2026 10:05:45,21-25,BTS / DUT,LFI,,Les Écologistes > LFI > PS > PCF > Renaissance > Rassemblement National > Reconquête > Les Républicains,-3,-5,5,3,5,-5,-5,5,Renaissance,A,B,A,B,B,A,A,A,B,B,"{""PCF"":20,""PS"":20,""Les Écologistes"":30,""LFI"":30}",
29-4-2026 10:06:00,21-25,Master,LFI,,LFI > PCF > Les Écologistes > PS > Renaissance > Les Républicains > Rassemblement National > Reconquête,-5,-5,-3,-3,-2,-5,-5,1,PCF,A,A,A,B,B,A,A,A,A,A,"{""LFI"":80,""Les Écologistes"":10,""PCF"":10}",
29-4-2026 10:10:51,26-30,Master,LFI,,LFI > PCF > Les Écologistes > PS > Renaissance > Les Républicains > Rassemblement National > Reconquête,-5,-5,1,-4,1,-5,-5,5,PS,A,A,B,B,B,A,A,B,A,A,"{""LFI"":80,""PCF"":10,""Les Écologistes"":10}",Étrange de faire des propositions type LFI/Reconquête en coalition alors que ça n'arrivera jamais mais j'imagine que c'est fait exprès 
29-4-2026 10:16:53,31-40,Doctorat,LFI,,LFI > PCF > Les Écologistes > PS > Renaissance > Les Républicains > Rassemblement National > Reconquête,-5,-3,1,-1,2,-5,-5,5,PS,A,A,B,B,B,A,A,B,A,A,"{""LFI"":83,""PCF"":9,""PS"":8}",
29-4-2026 10:21:55,21-25,Licence,LFI,,LFI > PCF > Les Écologistes > PS > Renaissance > Les Républicains > Rassemblement National > Reconquête,-4,-4,1,1,1,-5,-5,5,Renaissance,A,A,B,B,B,A,A,B,A,A,"{""LFI"":80,""PCF"":20}",
29-4-2026 10:22:39,21-25,Master,LFI,,LFI > Les Écologistes > PCF > PS > Renaissance > Les Républicains > Rassemblement National > Reconquête,-3,-3,2,1,2,-5,-5,3,Renaissance,A,A,A,B,B,A,B,A,A,B,"{""LFI"":50,""PCF"":13,""Les Écologistes"":19,""PS"":18}",
29-4-2026 10:27:22,26-30,Master,LFI,,LFI > PCF > Les Écologistes > PS > Renaissance > Les Républicains > Rassemblement National > Reconquête,-5,-5,4,1,5,-5,-5,5,Renaissance,A,A,A,B,B,A,A,A,A,A,"{""LFI"":63,""PCF"":30,""Les Écologistes"":7}","Hello, les questions Question 7 : {LFI (20%), Les Écologistes (80%)} ou {LFI (60%), Les Républicains (40%)} ? et autres alliances improbables (lfi/reconquête par exemple) sont interessantes pour mesurer la contamination, mais vraiment absurdes (si lfi s'alliait avec LR, lfi s'appelerait le PS 😇 un nom n'est pas qu'un nom etc etc)"
29-4-2026 10:46:41,26-30,Master,LFI,,LFI > Les Écologistes > PCF > PS > Renaissance > Les Républicains > Rassemblement National > Reconquête,-3,-4,4,2,4,-5,-5,5,Renaissance,A,A,A,B,B,A,A,A,B,B,"{""LFI"":45,""PCF"":25,""Les Écologistes"":30}",Bon courage !
29-4-2026 10:53:53,40+,Master,PS,,PS > Renaissance > PCF > Les Écologistes > LFI > Les Républicains > Rassemblement National > Reconquête,-3,-5,-3,2,1,-5,4,-4,Renaissance,B,A,A,B,B,A,A,B,A,A,"{""Renaissance"":6,""Les Écologistes"":10,""PS"":60,""PCF"":20,""LFI"":4}",
29-4-2026 10:56:47,26-30,Master,PS,,PS > PCF > Les Écologistes > Renaissance > LFI > Les Républicains > Rassemblement National > Reconquête,-2,-5,4,5,5,-5,-5,-3,Renaissance,A,A,A,B,B,A,A,A,A,B,"{""Les Écologistes"":25,""PS"":50,""PCF"":25}",
29-4-2026 11:04:11,31-40,Master,Horizons,,LFI > PCF > Les Écologistes > PS > Renaissance > Les Républicains > Rassemblement National > Reconquête,-3,-4,1,-1,2,-5,-5,5,PS,A,A,A,A,A,A,A,A,A,A,"{""LFI"":60,""PCF"":20,""Les Écologistes"":20}","Je comprend que c’est un test, mais certaines coalitions n’ont aucun sens. LFI - reconquête ? "
29-4-2026 11:10:41,21-25,Master,PS,,PCF > PS > LFI > Les Écologistes > Renaissance > Les Républicains > Rassemblement National > Reconquête,-5,-5,2,4,4,-5,2,3,Renaissance,A,B,A,B,B,B,A,A,B,B,"{""Les Écologistes"":25,""PS"":25,""PCF"":25,""LFI"":25}",
29-4-2026 11:16:12,21-25,Licence,LFI,,LFI > Les Écologistes > PCF > PS > Renaissance > Les Républicains > Rassemblement National > Reconquête,-5,-5,-1,-4,-2,-5,-5,3,Les Écologistes,A,A,A,A,A,A,A,A,A,A,"{""LFI"":90,""PCF"":5,""Les Écologistes"":5}","Il y a des coalitions qui n'ont aucun sens... on ne peut pas interroger quelqu'un sur son avis pour un gouvernement ""LFI - Reconquête"" "
29-4-2026 11:18:00,21-25,Master,PS,,PS > Les Écologistes > PCF > LFI > Renaissance > Les Républicains > Rassemblement National > Reconquête,-1,-3,4,5,3,-5,4,2,Renaissance,A,A,A,B,B,A,A,A,A,A,"{""PS"":70,""Les Écologistes"":20,""PCF"":10}",
29-4-2026 11:36:15,31-40,BTS / DUT,LFI,,LFI > PCF > Les Écologistes > PS > Les Républicains > Renaissance > Rassemblement National > Reconquête,-5,-5,2,-2,4,-5,-5,5,PS,A,A,A,B,B,A,A,B,A,A,"{""LFI"":80,""Les Écologistes"":10,""PCF"":10}","Certaines coalitions dans le questionnaire n'ont aucun sens d'un point de vue politique comme par exemple LFI + reconquête (???) ou même LFI + renaissance. J'ai préféré ne pas les choisir du coup car ce serait une trahison évidente de la part du parti que je soutiens, et donc un désapprouvent des masses envers celui-ci. Mieux vaut une coalition ennemie et tenter de gagner 5 ans plus tard."
29-4-2026 11:54:38,21-25,Master,LFI,,LFI > PCF > Les Écologistes > PS > Renaissance > Les Républicains > Rassemblement National > Reconquête,-4,-4,3,0,3,-5,-5,5,Renaissance,A,A,A,B,B,A,A,A,A,A,"{""LFI"":70,""Les Écologistes"":15,""PCF"":15}",
29-4-2026 11:56:14,31-40,Master,LFI,,LFI > Les Écologistes > PCF > PS > Les Républicains > Renaissance > Rassemblement National > Reconquête,-5,-5,2,-2,-4,-5,-5,5,PS,A,A,A,B,B,A,A,A,A,B,"{""LFI"":80,""Les Écologistes"":10,""PCF"":10}",
29-4-2026 12:01:41,18-20,Licence,N'a pas voté,,LFI > Les Écologistes > PCF > PS > Renaissance > Les Républicains > Rassemblement National > Reconquête,0,-1,3,-2,1,-5,-5,4,Les Républicains,A,A,B,B,B,A,A,A,A,B,"{""LFI"":70,""Les Écologistes"":30}",
29-4-2026 12:10:12,26-30,Master,LFI,,LFI > Les Écologistes > PCF > PS > Renaissance > Les Républicains > Rassemblement National > Reconquête,-4,-5,2,-1,1,-5,-5,4,PS,A,A,A,B,B,A,A,A,A,A,"{""Les Écologistes"":30,""PCF"":20,""LFI"":50}",
29-4-2026 12:12:33,21-25,Master,LFI,,LFI > Les Écologistes > PCF > PS > Renaissance > Les Républicains > Rassemblement National > Reconquête,-4,-5,4,0,4,-5,-5,5,Renaissance,A,A,A,B,B,A,A,A,A,B,"{""Les Écologistes"":25,""LFI"":50,""PCF"":25}",
29-4-2026 12:19:46,26-30,Master,LFI,,LFI > PCF > Les Écologistes > PS > Renaissance > Les Républicains > Rassemblement National > Reconquête,-3,-4,4,4,5,-5,-5,5,Renaissance,A,A,A,B,B,A,A,A,A,B,"{""LFI"":50,""PCF"":10,""PS"":20,""Les Écologistes"":20}",
29-4-2026 12:40:28,21-25,Lycée,Les Écologistes,,LFI > Les Écologistes > PS > PCF > Renaissance > Les Républicains > Rassemblement National > Reconquête,-3,-4,2,1,2,-5,-5,2,Renaissance,A,B,A,B,B,A,A,A,B,B,"{""Les Écologistes"":28,""PS"":26,""PCF"":19,""LFI"":27}",
29-4-2026 13:07:37,26-30,Master,LFI,,LFI > Les Écologistes > PCF > PS > Renaissance > Les Républicains > Rassemblement National > Reconquête,-5,-5,2,-1,2,-5,-5,5,PS,A,A,A,B,B,A,A,A,A,A,"{""LFI"":50,""PCF"":20,""Les Écologistes"":30}",
29-4-2026 13:28:02,26-30,Doctorat,N'a pas voté,,LFI > Les Écologistes > PCF > PS > Renaissance > Les Républicains > Rassemblement National > Reconquête,-4,-5,5,-1,2,-5,-5,5,PS,A,A,A,B,B,A,A,B,A,A,"{""LFI"":60,""Les Écologistes"":20,""PCF"":20}",
29-4-2026 13:28:11,26-30,Doctorat,LFI,,LFI > Les Écologistes > PCF > PS > Renaissance > Les Républicains > Rassemblement National > Reconquête,-4,-5,3,-2,1,-5,-5,5,PS,A,A,A,B,B,A,A,B,A,A,"{""LFI"":66,""Les Écologistes"":24,""PCF"":9,""PS"":1}",Good luck!
29-4-2026 13:39:38,26-30,Master,LFI,,LFI > PCF > Les Écologistes > PS > Renaissance > Les Républicains > Rassemblement National > Reconquête,0,-3,-1,-2,0,-5,-5,5,Les Écologistes,A,A,A,B,B,A,A,A,A,A,"{""LFI"":100}",
29-4-2026 13:46:53,18-20,Licence,Renaissance,,Renaissance > PS > Les Écologistes > LFI > PCF > Les Républicains > Rassemblement National > Reconquête,5,-3,3,4,1,-5,-5,1,Les Républicains,A,B,A,B,B,A,A,A,B,B,"{""Renaissance"":34,""PS"":33,""Les Écologistes"":33}",
29-4-2026 13:49:30,18-20,Lycée,LFI,,LFI > PCF > Les Écologistes > PS > Renaissance > Les Républicains > Rassemblement National > Reconquête,-5,-5,-3,-5,5,-5,-5,5,Les Écologistes,A,A,B,B,B,B,B,A,B,A,"{""LFI"":50,""PCF"":50}","Rajouter une case ""n'avait pas le droit de vote"" au début peut être pertinent"
29-4-2026 14:34:54,21-25,Master,LFI,,LFI > Les Écologistes > PCF > PS > Renaissance > Les Républicains > Rassemblement National > Reconquête,-3,-3,4,0,0,-5,-5,4,Renaissance,A,B,A,B,B,A,A,A,B,B,"{""Les Écologistes"":40,""PS"":10,""PCF"":10,""LFI"":40}","Les exemples comme LFI Reconquête étaient assez étranges, comme d'autres exemples ""impossibles""
Mais très intéressant "
29-4-2026 14:49:29,26-30,Master,LFI,,LFI > PCF > Les Écologistes > PS > Renaissance > Les Républicains > Rassemblement National > Reconquête,-5,-5,-3,-4,-2,-5,-5,5,PCF,A,A,B,B,B,A,A,B,A,A,"{""LFI"":100}","Certaines coalitions sont impensables (LFI - Reconquête par ex). Dans l'hypothèse très étrange où ça se produirait, ça jetterait l'opprobre sur LFI, c'est pour ça que je n'en veux pas"
29-4-2026 15:02:36,21-25,Licence,LFI,,Les Écologistes > LFI > PCF > PS > Renaissance > Les Républicains > Rassemblement National > Reconquête,-2,-3,5,4,5,-5,-5,4,Renaissance,A,B,A,B,B,A,B,A,B,B,"{""Les Écologistes"":33,""PCF"":14,""LFI"":33,""PS"":20}",
29-4-2026 15:26:36,21-25,Master,LFI,,LFI > Les Écologistes > PCF > PS > Les Républicains > Renaissance > Rassemblement National > Reconquête,4,-3,4,-2,1,-5,-5,5,PS,A,A,A,B,B,A,A,B,A,A,"{""LFI"":55,""PCF"":20,""Les Écologistes"":25}",
29-4-2026 15:27:41,21-25,Master,Les Écologistes,,Les Écologistes > PS > PCF > LFI > Renaissance > Les Républicains > Rassemblement National > Reconquête,-1,-3,5,5,5,-5,-5,1,Renaissance,A,A,A,B,B,A,A,A,A,B,"{""Les Écologistes"":35,""PS"":35,""PCF"":20,""LFI"":10}",
29-4-2026 15:42:20,31-40,Master,LFI,,LFI > Les Écologistes > PCF > PS > Renaissance > Les Républicains > Reconquête > Rassemblement National,-5,-5,3,1,4,-5,-5,5,Renaissance,A,A,A,B,B,A,A,A,A,A,"{""PS"":10,""LFI"":65,""Les Écologistes"":20,""PCF"":5}",
29-4-2026 15:56:54,26-30,Master,LFI,,LFI > PS > Les Écologistes > PCF > Renaissance > Les Républicains > Rassemblement National > Reconquête,-5,-3,3,3,-2,-5,-5,4,PCF,A,A,A,B,A,A,A,A,A,A,"{""LFI"":70,""PS"":20,""Les Écologistes"":10}",
29-4-2026 16:16:09,26-30,Master,LFI,,LFI > PCF > Les Écologistes > PS > Renaissance > Rassemblement National > Les Républicains > Reconquête,-5,-5,2,0,3,-5,-5,5,Renaissance,A,A,B,B,A,A,A,A,A,A,"{""LFI"":90,""PCF"":5,""Les Écologistes"":5}",Je pense que le modèle de coalition ne peut pas s'appliquer au système politique français.
29-4-2026 16:20:11,26-30,Master,LFI,,LFI > PCF > Les Écologistes > PS > Renaissance > Les Républicains > Rassemblement National > Reconquête,-5,-5,1,-1,2,-5,-5,5,PS,A,A,B,A,A,A,A,A,A,A,"{""LFI"":90,""PCF"":5,""Les Écologistes"":5}","Je pense que les coalitions (gauche/droite et gauche extrême droite en particulier) n'ont pas de sens en France au vu du mode de gouvernement, des mentalités des gens (qui ne veulent pas des coalitions regroupant des partis aux idées antagonistes, et à raison selon moi). Les partis de centre gauche à droite qui ont été continuellement au pouvoir depuis la fin de la seconde guerre mondiale s'en accommodent eux très bien afin de préserver leurs postes et mener les mêmes politiques libérales."
29-4-2026 16:28:42,21-25,Licence,LFI,,LFI > Les Écologistes > PCF > PS > Renaissance > Les Républicains > Rassemblement National > Reconquête,-2,-4,3,1,2,-5,-5,5,Renaissance,A,B,A,B,B,A,A,A,B,B,"{""LFI"":49,""Les Écologistes"":21,""PCF"":20,""PS"":10}",
29-4-2026 17:11:41,21-25,Master,PS,,PS > Les Écologistes > LFI > PCF > Renaissance > Les Républicains > Rassemblement National > Reconquête,-5,-5,5,5,5,-5,-5,5,Renaissance,A,B,A,B,B,A,A,A,A,B,"{""PS"":25,""Les Écologistes"":25,""LFI"":25,""PCF"":25}",
29-4-2026 17:44:54,21-25,Licence,LFI,,LFI > PCF > Les Écologistes > PS > Les Républicains > Renaissance > Rassemblement National > Reconquête,-5,-4,3,-3,5,-5,-5,4,PS,A,A,A,B,A,A,A,B,B,A,"{""Les Écologistes"":34,""LFI"":33,""PCF"":33}",C'est quoi ces coalitions LFI reconquête d'enculer 
29-4-2026 17:53:35,21-25,Licence,LFI,,LFI > PCF > Les Écologistes > PS > Renaissance > Les Républicains > Rassemblement National > Reconquête,-4,-5,0,-2,1,-5,-5,3,PS,A,A,A,B,B,A,A,A,A,A,"{""LFI"":80,""PCF"":10,""Les Écologistes"":10}",Parfois proposition de choix absurde (LFI+Reconquête) 
29-4-2026 18:05:39,26-30,Licence,LFI,,LFI > Les Écologistes > PCF > PS > Renaissance > Les Républicains > Rassemblement National > Reconquête,-5,-5,3,1,2,-5,-5,5,Renaissance,A,A,A,B,A,A,A,A,A,B,"{""Les Écologistes"":25,""PCF"":15,""LFI"":60}",Certaine coalition ne font pas trop de sens et il est dificile de les considérer comme lfi reconquête chose qui ne pourrait jamais arriver 
29-4-2026 18:13:11,18-20,Licence,LFI,,LFI > PCF > Les Écologistes > PS > Renaissance > Les Républicains > Rassemblement National > Reconquête,-4,-5,2,-3,2,-5,-5,5,PS,A,A,B,B,A,A,A,A,A,A,"{""LFI"":75,""PCF"":10,""Les Écologistes"":15}",
29-4-2026 19:29:02,21-25,Licence,LFI,,LFI > Les Écologistes > PCF > PS > Renaissance > Les Républicains > Rassemblement National > Reconquête,-3,-4,5,2,4,-5,-5,5,Renaissance,A,A,A,B,B,A,A,A,B,B,"{""Les Écologistes"":33,""PCF"":33,""LFI"":34}",
29-4-2026 19:34:55,26-30,Master,LFI,,LFI > Les Écologistes > PCF > PS > Renaissance > Les Républicains > Rassemblement National > Reconquête,-4,-5,3,1,2,-5,-5,5,Renaissance,A,A,B,B,B,A,A,A,A,B,"{""LFI"":100}",
29-4-2026 21:37:56,31-40,Master,Les Écologistes,,Les Écologistes > PCF > LFI > PS > Renaissance > Les Républicains > Rassemblement National > Reconquête,-2,-4,5,3,5,-5,-5,5,Renaissance,A,B,A,B,B,A,A,A,B,B,"{""Les Écologistes"":35,""PCF"":25,""LFI"":25,""PS"":15}","Défavorable à une majorité constituée par un seul parti, quelqu'il soit.
"
29-4-2026 21:57:02,31-40,Master,LFI,,LFI > Les Écologistes > PS > PCF > Renaissance > Rassemblement National > Les Républicains > Reconquête,-2,-5,3,3,2,-3,-5,4,Renaissance,A,B,A,B,B,A,A,B,B,A,"{""Les Écologistes"":30,""PS"":30,""LFI"":40}",
29-4-2026 22:31:02,21-25,Master,LFI,,Les Écologistes > LFI > PS > PCF > Renaissance > Les Républicains > Rassemblement National > Reconquête,-4,-4,5,3,1,-5,-5,5,Renaissance,A,B,A,B,B,A,A,A,B,B,"{""Les Écologistes"":30,""PS"":30,""PCF"":10,""LFI"":30}",
29-4-2026 22:32:41,21-25,Master,LFI,,LFI > Les Écologistes > PCF > PS > Renaissance > Les Républicains > Rassemblement National > Reconquête,-4,-4,3,1,2,-5,-5,5,Renaissance,A,A,A,B,B,A,A,A,A,B,"{""LFI"":65,""PCF"":12,""Les Écologistes"":12,""PS"":11}",
29-4-2026 22:35:41,18-20,Licence,LR,,Les Républicains > Renaissance > PS > Les Écologistes > PCF > LFI > Rassemblement National > Reconquête,2,5,1,1,1,-2,-3,-3,Rassemblement National,A,A,A,B,B,A,A,A,B,B,"{""Renaissance"":25,""Les Républicains"":25,""Les Écologistes"":25,""PS"":25}",
29-4-2026 22:36:56,18-20,Licence,Les Écologistes,,Les Écologistes > PS > PCF > LFI > Renaissance > Les Républicains > Rassemblement National > Reconquête,-3,-4,4,4,4,-5,-5,2,Renaissance,A,A,B,B,B,A,A,A,A,B,"{""Les Écologistes"":60,""PS"":30,""PCF"":10}",
29-4-2026 22:56:00,40+,Licence,LFI,,LFI > Les Écologistes > PCF > PS > Renaissance > Les Républicains > Rassemblement National > Reconquête,-3,-5,4,4,1,-5,4,5,Renaissance,A,A,A,A,A,A,A,B,A,A,"{""LFI"":60,""Les Écologistes"":25,""PCF"":15}",
29-4-2026 23:25:00,21-25,Master,LFI,,LFI > PCF > Les Écologistes > PS > Renaissance > Les Républicains > Rassemblement National > Reconquête,-2,-1,0,-3,-1,-5,-5,3,Les Républicains,A,A,A,A,B,A,A,B,A,A,"{""LFI"":75,""Les Écologistes"":20,""PS"":5}",
29-4-2026 23:35:40,26-30,Master,LFI,,LFI > Les Écologistes > PCF > PS > Renaissance > Les Républicains > Rassemblement National > Reconquête,-4,-4,4,1,1,-5,-5,5,Renaissance,A,A,A,B,B,A,A,A,A,B,"{""Les Écologistes"":25,""LFI"":60,""PCF"":15}",Cetait marrant
30-4-2026 0:24:36,21-25,Licence,LFI,,LFI > PCF > Les Écologistes > PS > Renaissance > Les Républicains > Rassemblement National > Reconquête,-4,-5,2,-2,3,-5,-5,5,PS,A,A,A,B,B,A,A,A,A,A,"{""LFI"":60,""PCF"":20,""Les Écologistes"":20}",
30-4-2026 0:24:48,26-30,Master,LFI,,LFI > PCF > Les Écologistes > PS > Les Républicains > Renaissance > Rassemblement National > Reconquête,-5,-5,5,2,5,4,-5,5,Renaissance,A,B,A,B,B,A,B,A,B,B,"{""LFI"":40,""PCF"":25,""Les Écologistes"":25,""PS"":10}",Bon courage pour ton mémoire :D !!
30-4-2026 1:02:16,26-30,Master,UDI,,Rassemblement National > Les Républicains > Renaissance > Reconquête > PS > PCF > LFI > Les Écologistes,1,1,-5,-2,-3,3,-1,-3,Reconquête,A,A,B,B,B,A,A,A,A,A,"{""Les Républicains"":19,""Rassemblement National"":68,""Reconquête"":13}",
30-4-2026 1:33:25,21-25,Master,PS,,PS > LFI > Les Écologistes > PCF > Renaissance > Les Républicains > Rassemblement National > Reconquête,-3,-3,3,4,4,-5,-5,1,Renaissance,A,A,A,B,B,A,A,A,B,B,"{""PS"":0,""PCF"":0,""LFI"":0,""Les Écologistes"":0}",
30-4-2026 7:55:17,31-40,Licence,LFI,,LFI > PCF > Les Écologistes > PS > Renaissance > Les Républicains > Rassemblement National > Reconquête,-5,-5,3,-4,4,-5,-5,5,PS,A,A,B,A,A,A,A,B,A,A,"{""LFI"":80,""PCF"":20}",
30-4-2026 8:21:22,31-40,Master,LFI,,LFI > Les Écologistes > PCF > PS > Renaissance > Les Républicains > Rassemblement National > Reconquête,-3,-4,2,0,1,-5,-5,3,Renaissance,A,A,A,B,B,A,A,A,A,A,"{""LFI"":60,""Les Écologistes"":30,""PCF"":10}",La question sur les alliances gauche / reconquête n’est pertinente car complètement improbable 
30-4-2026 8:57:14,40+,Licence,LFI,,LFI > PCF > Les Écologistes > PS > Renaissance > Les Républicains > Rassemblement National > Reconquête,-4,-5,2,0,2,-5,-5,5,Renaissance,A,A,A,B,B,A,A,A,A,A,"{""LFI"":50,""Les Écologistes"":25,""PCF"":25}",
30-4-2026 15:58:15,26-30,Master,Les Écologistes,,Les Écologistes > PS > PCF > LFI > Renaissance > Les Républicains > Rassemblement National > Reconquête,-5,-5,5,5,5,-5,-5,2,Renaissance,A,A,A,B,B,B,A,B,B,B,"{""Les Écologistes"":40,""PS"":40,""PCF"":20}",
30-4-2026 17:22:58,18-20,Licence,LFI,,LFI > Les Écologistes > PCF > PS > Renaissance > Les Républicains > Rassemblement National > Reconquête,-5,-5,3,1,2,-5,-5,5,Renaissance,A,A,B,B,B,A,A,A,A,B,"{""LFI"":100}",
1-5-2026 0:33:58,26-30,Master,LFI,,LFI > Les Écologistes > PCF > PS > Renaissance > Les Républicains > Reconquête > Rassemblement National,-5,-5,2,-5,2,-5,-5,5,Renaissance,A,A,B,B,B,A,B,A,A,B,"{""LFI"":100}",
2-5-2026 0:07:30,21-25,Licence,PS,,LFI > Les Écologistes > PCF > PS > Renaissance > Les Républicains > Rassemblement National > Reconquête,-3,-4,4,3,4,-5,-5,5,Renaissance,A,B,A,B,B,A,A,A,B,B,"{""Les Écologistes"":30,""PS"":10,""PCF"":30,""LFI"":30}",
2-5-2026 20:27:36,26-30,Master,Reconquête,,Reconquête > Rassemblement National > Les Républicains > Renaissance > PS > PCF > Les Écologistes > LFI,-5,-1,-5,-5,-5,5,5,-5,Les Républicains,A,A,B,A,A,A,A,A,A,A,"{""Rassemblement National"":0,""Reconquête"":100,""PCF"":0,""PS"":0,""Les Écologistes"":0,""Les Républicains"":0,""Renaissance"":0,""LFI"":0}",
3-5-2026 19:10:55,21-25,Master,LFI,,LFI > PCF > Les Écologistes > PS > Renaissance > Les Républicains > Rassemblement National > Reconquête,-4,-5,2,-3,2,-5,-5,4,PS,A,A,A,B,B,A,A,A,A,A,"{""LFI"":80,""PCF"":20}",
3-5-2026 19:13:11,21-25,Master,LFI,,LFI > Les Écologistes > PCF > PS > Renaissance > Les Républicains > Rassemblement National > Reconquête,-4,-5,1,-2,1,-5,-5,3,PS,A,A,B,B,B,A,A,A,A,A,"{""LFI"":80,""Les Écologistes"":20}","Pitié ne me refais plus jamais choisir entre {LFI, Reconquête} et {PS, Renaissance} 🤮"
3-5-2026 19:14:44,18-20,Master,LFI,,LFI > PCF > Les Écologistes > PS > Renaissance > Les Républicains > Rassemblement National > Reconquête,-4,-4,3,0,3,-5,-5,4,Renaissance,A,A,A,A,A,A,A,B,A,A,"{""LFI"":51,""PCF"":25,""Les Écologistes"":24}",une coalition lfi reconquête c'est quelque chose quand même
3-5-2026 19:15:15,21-25,Master,LFI,,LFI > PCF > Les Écologistes > PS > Renaissance > Les Républicains > Rassemblement National > Reconquête,-3,-4,1,-1,1,-5,-5,4,PS,A,A,A,A,A,A,A,B,A,A,"{""LFI"":67,""PCF"":16,""Les Écologistes"":17}",
3-5-2026 22:07:54,31-40,Master,Les Écologistes,,Les Écologistes > PS > LFI > Renaissance > PCF > Les Républicains > Rassemblement National > Reconquête,-1,-3,5,4,1,-5,-5,3,Renaissance,A,B,A,B,B,A,A,B,B,B,"{""Les Écologistes"":30,""PS"":28,""Renaissance"":20,""LFI"":22}","Questionnaire très intéressant, qui donne matière à réfléchir."
5-5-2026 0:05:48,18-20,BTS / DUT,LFI,,LFI > PCF > Les Écologistes > PS > Renaissance > Les Républicains > Rassemblement National > Reconquête,-4,-5,3,-3,4,-5,-5,5,PS,A,A,B,B,B,A,A,B,A,A,"{""LFI"":67,""PCF"":16,""Les Écologistes"":16,""PS"":1}",
5-5-2026 9:14:28,40+,Master,Les Écologistes,,Les Écologistes > LFI > PS > PCF > Renaissance > Les Républicains > Rassemblement National > Reconquête,-2,0,5,4,4,-5,-5,5,Renaissance,A,A,A,B,B,A,A,B,A,B,"{""Les Écologistes"":60,""LFI"":30,""PS"":10}",
6-5-2026 8:37:06,40+,Doctorat,Les Écologistes,,Les Écologistes > PS > PCF > LFI > Renaissance > Les Républicains > Reconquête > Rassemblement National,0,-5,5,5,3,-5,-5,0,Les Républicains,A,A,A,B,B,A,A,A,A,B,"{""Les Écologistes"":50,""PS"":30,""PCF"":10,""Renaissance"":10}",certaines des coalitions (genre : LR - LFI) ne sont absolument pas plausibles!
6-5-2026 8:43:18,21-25,Master,PS,,Les Écologistes > PS > LFI > PCF > Renaissance > Les Républicains > Rassemblement National > Reconquête,-3,-4,5,4,0,-5,-5,1,Renaissance,A,B,A,B,B,A,A,B,B,B,"{""Les Écologistes"":34,""PS"":33,""LFI"":33}",
6-5-2026 8:50:16,26-30,Doctorat,LFI,,LFI > Les Écologistes > PCF > PS > Renaissance > Les Républicains > Rassemblement National > Reconquête,-3,-4,3,1,1,-5,-5,3,Renaissance,A,B,A,B,B,A,A,A,B,B,"{""Les Écologistes"":35,""PS"":15,""LFI"":35,""PCF"":15}",
6-5-2026 8:53:40,40+,Doctorat,PS,,PS > Les Écologistes > PCF > LFI > Renaissance > Les Républicains > Reconquête > Rassemblement National,-3,-4,5,5,3,-5,-5,2,Renaissance,A,B,B,B,B,A,A,B,B,B,"{""Les Écologistes"":38,""PS"":38,""PCF"":10,""LFI"":10,""Renaissance"":4}",
6-5-2026 9:04:07,Préfère ne pas répondre,Doctorat,Les Écologistes,,Les Écologistes > PS > LFI > PCF > Renaissance > Les Républicains > Rassemblement National > Reconquête,0,-3,5,4,1,-5,-5,2,Les Républicains,A,A,B,B,B,A,A,A,A,A,"{""Les Écologistes"":100}",
6-5-2026 9:17:20,40+,Doctorat,Les Écologistes,,PCF > PS > Les Écologistes > LFI > Renaissance > Les Républicains > Rassemblement National > Reconquête,-2,-3,2,2,2,-5,-5,2,Renaissance,A,B,A,B,B,A,A,A,B,B,"{""Les Écologistes"":34,""PS"":33,""PCF"":33}",
6-5-2026 9:48:26,31-40,Doctorat,N'a pas voté,,Les Républicains > Renaissance > PS > Rassemblement National > Reconquête > PCF > Les Écologistes > LFI,2,2,-2,2,-2,-2,-2,-2,Les Écologistes,A,B,A,A,A,A,A,B,B,B,"{""Renaissance"":13,""Les Républicains"":14,""Les Écologistes"":12,""PS"":14,""PCF"":12,""Rassemblement National"":12,""Reconquête"":12,""LFI"":11}",
6-5-2026 9:52:32,31-40,Doctorat,PS,,Les Écologistes > PS > PCF > LFI > Renaissance > Les Républicains > Reconquête > Rassemblement National,-1,-3,5,3,2,-5,-5,-1,Renaissance,A,B,A,A,B,A,A,A,B,B,"{""Les Écologistes"":48,""PS"":30,""PCF"":11,""LFI"":4,""Reconquête"":4,""Les Républicains"":3}",
6-5-2026 10:05:14,40+,Doctorat,N'a pas voté,,PS > Les Écologistes > LFI > Renaissance > Les Républicains > PCF > Rassemblement National > Reconquête,0,-2,5,5,-5,-5,-5,2,Les Républicains,A,A,B,A,B,B,B,A,A,B,"{""Les Écologistes"":49,""PS"":50}",
6-5-2026 11:43:24,40+,Doctorat,N'a pas voté,,PCF > PS > Les Écologistes > Renaissance > Les Républicains > LFI > Rassemblement National > Reconquête,0,-1,4,5,5,-5,-5,-5,Les Républicains,A,A,A,B,B,A,B,A,B,B,"{""Les Écologistes"":33,""PS"":34,""PCF"":33}",
6-5-2026 11:57:03,40+,Doctorat,LFI,,LFI > Les Écologistes > PCF > PS > Renaissance > Les Républicains > Reconquête > Rassemblement National,0,0,5,1,1,0,0,5,Rassemblement National,A,A,A,B,B,A,B,A,B,B,"{""LFI"":35,""Les Écologistes"":35,""Les Républicains"":30}",
6-5-2026 13:13:06,31-40,Master,LFI,,LFI > PCF > Les Écologistes > Renaissance > PS > Les Républicains > Rassemblement National > Reconquête,-3,-4,1,-2,1,-5,-5,3,PS,A,A,A,B,B,A,A,A,B,A,"{""LFI"":42,""Renaissance"":13,""PCF"":20,""Les Écologistes"":16,""Les Républicains"":9}",
6-5-2026 16:33:54,26-30,Licence,PS,,LFI > Les Écologistes > PS > PCF > Renaissance > Les Républicains > Rassemblement National > Reconquête,-4,-5,5,5,5,-5,-5,5,Renaissance,A,B,A,B,B,A,A,A,B,B,"{""LFI"":25,""PCF"":25,""PS"":25,""Les Écologistes"":25}",
6-5-2026 17:58:59,18-20,Licence,Les Écologistes,,Les Écologistes > PS > PCF > Renaissance > LFI > Les Républicains > Reconquête > Rassemblement National,0,-3,5,5,4,-5,-5,-2,LFI,A,A,B,B,B,B,B,A,B,B,"{""Les Écologistes"":40,""PS"":40,""PCF"":20}",
7-5-2026 12:07:36,26-30,Doctorat,LFI,,LFI > PCF > Les Écologistes > PS > Renaissance > Les Républicains > Rassemblement National > Reconquête,-5,-5,-5,-5,-5,-5,-5,5,Renaissance,A,A,B,A,A,A,A,B,A,A,"{""LFI"":100}",Les scénarios de coalition LFI avec un parti de droite (de renaissance à reconquête) ne sont pas du tout réalistes.
9-5-2026 0:46:56,40+,Doctorat,PS,,PS > PCF > Les Écologistes > LFI > Renaissance > Les Républicains > Rassemblement National > Reconquête,-1,-2,4,5,4,-5,-5,1,Renaissance,A,A,A,B,B,A,A,A,A,B,"{""PS"":56,""PCF"":32,""Les Écologistes"":12}",
12-5-2026 7:27:00,26-30,Master,LFI,,LFI > Les Écologistes > PS > PCF > Renaissance > Les Républicains > Rassemblement National > Reconquête,-3,-2,4,2,5,-5,-5,4,Les Républicains,A,A,B,B,A,A,A,B,A,A,"{""LFI"":60,""PCF"":10,""PS"":10,""Les Écologistes"":20}",
12-5-2026 9:49:36,21-25,Doctorat,Renaissance,,Les Républicains > Renaissance > PS > Les Écologistes > Reconquête > Rassemblement National > PCF > LFI,1,1,-2,-1,-3,-3,-3,-4,PS,A,B,B,B,B,B,B,A,B,A,"{""Les Républicains"":100}",
,,,,,,-1063,-1409,841,326,742,-1720,-1736,1060,,,,,,,,,,,,,